customer_id,customer_name,city,country,segment,created_date
1,William Smith,North Joseph,Uruguay,Consumer,2022-03-14
2,Katherine Cole,New Phillipton,Saudi Arabia,Consumer,2024-10-26
3,Abigail Wheeler,East Monica,Colombia,Home Office,2023-05-24
4,Joshua Jordan,Powellhaven,Lebanon,Consumer,2023-10-07
5,Peter Sexton,Mitchellbury,Uganda,Consumer,2023-12-19
6,Deborah Nguyen,Lake Roger,Tokelau,Consumer,2022-06-01
7,Danielle Lee,South Dylan,Solomon Islands,Home Office,2022-12-06
8,Donna Burns,Timothyland,Haiti,Home Office,2023-05-21
9,Jeffrey Williams,West Tanya,Iraq,Home Office,2021-11-30
10,Christina Delgado,Bakershire,Peru,Consumer,2026-02-09
11,Melissa Cruz,Austinfort,Germany,Corporate,2024-09-19
12,Maria Reed,North Richard,Portugal,Corporate,2023-03-24
13,Julie Bullock,Munozborough,Spain,Consumer,2026-04-19
14,Jennifer Munoz,Amyville,Suriname,Home Office,2022-05-29
15,John Moore,North Lindabury,United States Minor Outlying Islands,Home Office,2022-08-03
16,Gabriella Gray,East Jamesfort,Guatemala,Corporate,2025-04-19
17,Lisa Torres,South Mariafurt,Finland,Consumer,2026-05-12
18,Jade Henson MD,Jonathanton,Greece,Consumer,2022-01-26
19,Jacob Wise,Port Travisland,Trinidad and Tobago,Home Office,2022-03-28
20,Theresa West,Barnesstad,France,Consumer,2026-01-15
21,Hunter Frye,Ashleyside,Lao People's Democratic Republic,Corporate,2022-06-02
22,Kyle Wang,Port David,Niger,Home Office,2022-10-16
23,Heidi Hunter,Lake Lisa,Senegal,Corporate,2024-08-15
24,Amy Cooke,South Matthewberg,Sri Lanka,Consumer,2025-06-03
25,Robert Mccoy,Christinaside,Cameroon,Home Office,2024-12-29
26,Denise Rivera,Danielmouth,Niger,Corporate,2023-10-31
27,Anita Cervantes,North Davidchester,Germany,Consumer,2024-10-19
28,Nicolas Patterson,North Christianville,Sao Tome and Principe,Consumer,2024-09-23
29,Robert Ward,Perezmouth,Greece,Home Office,2026-01-05
30,Patricia Barron,New Anna,Singapore,Consumer,2023-11-19
31,Maria Fisher,New Vincent,Canada,Corporate,2021-08-01
32,Juan Herring,Brownberg,Brunei Darussalam,Consumer,2022-01-22
33,Matthew Pena,Janeview,Sweden,Corporate,2021-10-19
34,William Reed,North Andrewstad,Trinidad and Tobago,Corporate,2022-06-16
35,Mrs. Teresa Smith,Nataliechester,Moldova,Consumer,2024-07-10
36,Michael Miller,Stephensburgh,Japan,Corporate,2023-04-28
37,Carrie Blanchard,Stevenport,Solomon Islands,Home Office,2023-06-19
38,Tammy Lynn,North Jefferymouth,Gambia,Consumer,2022-03-06
39,Laura Rogers,Davidbury,Benin,Corporate,2025-08-26
40,Christopher Castillo,East Billyberg,Wallis and Futuna,Corporate,2025-05-15
41,Anthony Lewis,East Ronnie,Turks and Caicos Islands,Corporate,2023-04-21
42,Susan Hernandez,New Jared,New Zealand,Home Office,2021-12-28
43,Pamela Davis,Lake Sarahaven,Saint Barthelemy,Consumer,2026-05-24
44,Zachary Brown,Lawsonfurt,Greenland,Home Office,2025-06-27
45,Laura Lee,Bartonfurt,South Georgia and the South Sandwich Islands,Home Office,2024-10-27
46,Kenneth Cooley,Wellshaven,Singapore,Consumer,2025-03-07
47,Christopher Meadows MD,Watkinsfurt,Malta,Home Office,2022-10-19
48,Justin Duffy,Brendanmouth,Cambodia,Home Office,2023-08-20
49,Michael Washington,South Charleshaven,Somalia,Corporate,2024-06-11
50,Christie Bush,Richardton,Hong Kong,Corporate,2025-06-10
51,Laura Boyd,Brendastad,Botswana,Consumer,2024-07-27
52,James Sanchez,South William,Cameroon,Corporate,2025-10-31
53,Kayla Holmes,New Jefferyton,Congo,Home Office,2025-11-20
54,Brittney Williams,Josephbury,Botswana,Corporate,2023-01-05
55,Sean Martinez,South Richard,Paraguay,Corporate,2026-01-05
56,Kimberly Carter,Davidmouth,Aruba,Home Office,2021-09-18
57,Carla Ward,West Shannonstad,Lesotho,Consumer,2023-10-13
58,Dorothy George,North Hannah,Guadeloupe,Corporate,2026-06-15
59,Meghan Sloan,South Jessica,Zimbabwe,Home Office,2026-06-26
60,Ms. Julia Jones,Billybury,Tuvalu,Consumer,2025-02-12
61,Anthony Bennett,Hawkinsmouth,Switzerland,Corporate,2022-10-03
62,Thomas Mejia,Brownstad,Norfolk Island,Consumer,2026-06-05
63,Christopher Downs,Deannaside,Tunisia,Home Office,2026-03-28
64,Tiffany Lucero,Johnport,Niger,Consumer,2021-11-30
65,Kathryn Gamble,Walshborough,Malta,Home Office,2022-08-13
66,Elizabeth Herrera,East Travistown,Liechtenstein,Home Office,2022-05-05
67,Teresa Walton,Nicholaschester,Central African Republic,Consumer,2022-02-07
68,Jessica Barrera,East Timothyburgh,Togo,Home Office,2025-07-17
69,Brittany Sanders,East Kevin,Guinea,Corporate,2022-11-17
70,Matthew Sandoval,Port Joseph,Venezuela,Consumer,2025-04-04
71,Samantha Howard,East Alice,Lithuania,Home Office,2024-09-08
72,Amanda Mendoza,South Angelbury,Mexico,Consumer,2022-06-10
73,Kent Diaz,Jamesstad,Chile,Corporate,2024-10-22
74,Anthony Burton,Josephport,Bosnia and Herzegovina,Home Office,2025-09-13
75,Jennifer Glass,Feliciamouth,Guernsey,Corporate,2026-05-27
76,Melanie Davis,Garciaside,Cape Verde,Consumer,2025-05-12
77,Daniel Horne,Laurenfort,Cote d'Ivoire,Home Office,2023-03-27
78,Carrie Williams,Pageberg,Heard Island and McDonald Islands,Corporate,2022-01-19
79,Jessica Davis,Barrytown,Sierra Leone,Consumer,2025-03-20
80,Jennifer Crawford,Lake Jaimeville,Madagascar,Consumer,2023-08-10
81,Leah Ramirez,North Maria,Iceland,Consumer,2021-10-26
82,Eduardo Hayden,Mckenzieview,Marshall Islands,Consumer,2026-05-26
83,Nichole Obrien,East Juanland,Heard Island and McDonald Islands,Consumer,2025-10-25
84,Angela Rose,North Amy,Timor-Leste,Consumer,2023-06-22
85,Lisa Alexander,Lake Cheryl,Chad,Consumer,2024-09-02
86,Margaret Clark,Port Marvinland,Hungary,Corporate,2026-03-06
87,Jimmy Villanueva,Mariaville,Argentina,Corporate,2025-09-23
88,Amy Salinas,Angelbury,Bosnia and Herzegovina,Consumer,2024-08-23
89,Amy Erickson,Lake Don,Bahamas,Corporate,2025-07-07
90,Joseph Simmons,South Richard,Saudi Arabia,Home Office,2023-07-16
91,Joan Gomez,West Joseph,Estonia,Corporate,2025-01-19
92,Michelle Kelly,Chaseview,Equatorial Guinea,Consumer,2024-06-18
93,James Hardy,Lake Brian,Russian Federation,Home Office,2026-07-08
94,Michael Smith,West Jenny,Indonesia,Home Office,2024-04-30
95,Crystal Powers,North Andrestad,New Zealand,Home Office,2026-02-05
96,Matthew Johnson,New Sandra,Denmark,Home Office,2023-12-27
97,Candice Hernandez,Lake Tina,Macao,Consumer,2022-07-14
98,James Pitts,Nixontown,Puerto Rico,Consumer,2025-01-03
99,Terry Williams,New Destinybury,Nicaragua,Home Office,2025-10-23
100,Tracy Smith,Jacobsstad,Italy,Corporate,2023-08-02
101,Tonya Caldwell,West Crystalfort,Palau,Consumer,2022-11-19
102,Phillip Butler,West David,Tajikistan,Home Office,2021-08-26
103,Steven Crawford,Rodriguezstad,Angola,Consumer,2023-08-15
104,Warren Martinez,Jonesport,Saudi Arabia,Home Office,2022-05-12
105,Christina Young,Smithville,French Polynesia,Home Office,2026-06-12
106,Kerri Martin,West Scotthaven,Ukraine,Consumer,2025-09-22
107,Brandon Wilkins,South Sandra,Saint Barthelemy,Corporate,2025-11-20
108,William Little,Port Kevinchester,Jordan,Corporate,2024-09-21
109,Jaime Grimes,New Nicoleburgh,Luxembourg,Consumer,2021-08-18
110,Edward Flynn,South Jessicaview,Malta,Home Office,2024-04-17
111,Rachael Morris,Austinchester,Syrian Arab Republic,Consumer,2026-01-02
112,Derek Harrison,Lake Kayla,Myanmar,Home Office,2023-06-18
113,Stephanie Potts,Port Frankfort,Peru,Consumer,2023-06-26
114,Mary Garrett,West Cassidy,Sweden,Corporate,2022-04-17
115,Jeffrey Wagner,Lake Jonathanchester,Germany,Corporate,2024-10-08
116,Amy Woods,Susanville,Brunei Darussalam,Corporate,2023-05-07
117,Victoria Taylor,Lake Michaeltown,United States Minor Outlying Islands,Home Office,2023-08-30
118,Ashley Parks,Taylorhaven,Pitcairn Islands,Corporate,2025-10-07
119,Kerry Hutchinson,Carsonfort,South Africa,Consumer,2024-01-14
120,Maureen Hubbard DDS,West Peter,Thailand,Home Office,2023-09-30
121,Lance Galloway,East Jonathanshire,Fiji,Consumer,2024-06-05
122,Alexandra Fields,West Aaronton,Sudan,Corporate,2023-01-13
123,James Diaz,Lake Derrick,Burkina Faso,Home Office,2022-02-11
124,Joseph Pratt,South Travismouth,Hungary,Corporate,2024-09-28
125,Kyle Carter,Heatherfurt,China,Corporate,2025-09-16
126,Alejandro Greer,Darintown,Panama,Corporate,2022-11-07
127,Amanda Davis,East Raymond,Poland,Corporate,2025-11-29
128,James Hughes,Port Kellihaven,Saint Kitts and Nevis,Corporate,2025-11-28
129,Gary Wilson,South Valerie,Cameroon,Home Office,2022-10-31
130,John Walters,Campbellmouth,Monaco,Home Office,2025-11-30
131,Michael Garcia,South Shelly,Chile,Corporate,2024-12-18
132,Dawn Woods,Lake Allisonville,Rwanda,Consumer,2023-02-26
133,Denise Barton,South Jacqueline,French Southern Territories,Consumer,2022-09-15
134,Kristin Castillo,North John,Albania,Consumer,2023-05-31
135,Tonya Martin,Phillipville,Central African Republic,Home Office,2022-08-24
136,Abigail Mitchell,Port Seanfort,Aruba,Home Office,2024-11-15
137,Ronald Wilson,Saraborough,Jamaica,Home Office,2023-05-15
138,Brian Johnson,Lake Sarahchester,Mali,Home Office,2026-07-09
139,Kelli Myers,Laceymouth,Anguilla,Consumer,2023-11-06
140,Andrea Collins,North Julie,Venezuela,Home Office,2026-01-02
141,Michael Nunez,Lake Christopherburgh,Burundi,Home Office,2026-03-11
142,Mary Proctor,Curtiston,Philippines,Consumer,2022-07-14
143,Robert Harper,Jacksonmouth,Paraguay,Corporate,2023-04-12
144,Katie Perez,West Alexandra,Solomon Islands,Consumer,2026-04-13
145,Lisa Bates,Collierview,Argentina,Corporate,2025-06-05
146,Timothy Young,East Kimberly,New Caledonia,Home Office,2022-09-07
147,Timothy Jones,Timothybury,Chad,Consumer,2022-06-09
148,Suzanne Fields,Alexisfurt,United States of America,Home Office,2022-08-19
149,Denise Hill,Danielsside,Peru,Consumer,2024-06-09
150,Roger Meyer,Andersonfort,Guatemala,Home Office,2022-11-03
151,Robert Blackwell,South Pamelaview,Taiwan,Corporate,2025-05-08
152,Ronald Pugh,New Jonathon,Gibraltar,Consumer,2022-06-07
153,Joseph Cooper,Lake Jessicafurt,Svalbard & Jan Mayen Islands,Consumer,2023-09-09
154,Michele Hartman,West Michael,Korea,Home Office,2022-08-18
155,James Calhoun,West Ashley,Marshall Islands,Corporate,2022-02-01
156,Amy Ward,North Marilyn,Tuvalu,Corporate,2021-11-03
157,Meghan Sanchez,Scottton,Saint Helena,Consumer,2024-09-03
158,Barbara Pruitt,Lake Laura,Rwanda,Consumer,2023-11-07
159,Angelica Knight,North Austin,Hungary,Home Office,2024-09-16
160,Anthony Logan,South Mary,United Arab Emirates,Corporate,2024-11-14
161,Mrs. Janice Hinton,Lake Michael,Papua New Guinea,Home Office,2026-02-25
162,Emily Evans,Lake Ashley,Congo,Home Office,2025-09-13
163,Elizabeth Mcintosh,New Amy,Dominican Republic,Home Office,2023-12-07
164,Michelle Norton,West Robertbury,Senegal,Corporate,2025-11-09
165,Robert Shaffer,West Elizabethhaven,Gabon,Home Office,2025-01-05
166,Veronica Cruz,North Brian,Cambodia,Corporate,2023-06-08
167,Angel Levy,East Jacob,Northern Mariana Islands,Home Office,2025-10-16
168,Matthew Vang,New Michael,Guernsey,Home Office,2025-12-20
169,Benjamin Robinson,Toddshire,Oman,Consumer,2022-05-21
170,David Bond,Gailhaven,Turks and Caicos Islands,Corporate,2023-02-21
171,Sarah Obrien,Linhaven,Lebanon,Consumer,2026-03-19
172,Mary Ashley,South Jamesfort,Martinique,Home Office,2023-02-16
173,Christopher Hart,South Jeffreymouth,Mali,Consumer,2024-04-26
174,Miss Sherri Malone,East Andreside,Bosnia and Herzegovina,Home Office,2023-02-23
175,Hannah Doyle,East Jasonfurt,Swaziland,Consumer,2025-12-04
176,Michael Hill,Meganhaven,Korea,Corporate,2024-11-12
177,Roy Wilson Jr.,Jamesmouth,Panama,Consumer,2026-07-22
178,Sherry Jones,Perezfurt,Nepal,Home Office,2025-04-25
179,Harold Lynch,Lake Monica,Ethiopia,Home Office,2026-05-05
180,Cindy Wilkins,West Emilymouth,Pakistan,Home Office,2025-12-07
181,David Harris,Davismouth,Togo,Corporate,2026-04-16
182,David Hull,Port Zacharyhaven,Switzerland,Corporate,2024-06-03
183,Michael King,Port Gary,Zimbabwe,Home Office,2023-03-04
184,William Hanna,West Shelbyshire,Guadeloupe,Home Office,2024-11-11
185,Kristin Quinn,West Louis,United Kingdom,Home Office,2025-03-15
186,Colin Ruiz,Louisborough,Senegal,Corporate,2025-05-06
187,Luis Brown,Lake Shelbyburgh,Nepal,Corporate,2022-09-15
188,Bryan Rhodes,South Brian,Poland,Consumer,2026-07-18
189,Joseph Pugh,Lake Tammy,Lesotho,Corporate,2026-05-05
190,David Brady,Port Madeline,Latvia,Home Office,2024-01-13
191,Dawn Mahoney,Bondview,Bosnia and Herzegovina,Consumer,2025-01-05
192,Ellen Morton,West Chelsea,Tajikistan,Home Office,2022-03-05
193,Aaron Branch,South Dustinville,Uganda,Consumer,2023-12-21
194,Ashley Alvarez,Gilbertchester,Korea,Home Office,2026-04-29
195,Benjamin Thomas,Dawnstad,Moldova,Home Office,2021-08-27
196,Crystal Carter,South Lauraburgh,Iran,Corporate,2023-12-31
197,Richard Carpenter,Derrickfurt,Dominican Republic,Consumer,2025-05-31
198,Jacob Smith,South Jason,Ireland,Corporate,2021-10-01
199,James Jenkins,Pennyside,Cambodia,Consumer,2025-08-25
200,David Jimenez,Kennethborough,Croatia,Corporate,2026-04-02
201,Carolyn Fisher,Port Brett,Somalia,Consumer,2023-08-12
202,John Thomas,West Margaret,Isle of Man,Corporate,2025-02-13
203,Carlos Castillo,Lake Caitlynstad,Lesotho,Home Office,2023-09-19
204,Sherry Logan,North Jenniferstad,Belize,Home Office,2021-12-22
205,Leslie Herring,Gregoryfurt,Japan,Corporate,2024-11-20
206,Theresa Fisher,Smithfurt,Tajikistan,Home Office,2022-04-03
207,Benjamin Harrington,North Carla,Switzerland,Home Office,2022-11-12
208,Megan Mclean,Nelsonmouth,Russian Federation,Corporate,2023-10-27
209,Daniel Hamilton,Aprilstad,Oman,Home Office,2022-12-29
210,Julie Evans,Martinezville,Lesotho,Home Office,2025-08-25
211,Kelly Bauer,South Tom,Christmas Island,Corporate,2026-06-29
212,Matthew Williams,Carpenterfurt,Moldova,Consumer,2025-02-22
213,Brianna Ruiz,South Tracyshire,New Zealand,Consumer,2022-09-17
214,Shannon Anderson,Lake Sara,Slovakia (Slovak Republic),Home Office,2024-10-28
215,Tasha Schaefer,Wilsonland,Jersey,Corporate,2022-10-10
216,Brandon Martin,New Catherine,Greenland,Corporate,2021-11-14
217,Janice Best,Lake Stephanie,Bouvet Island (Bouvetoya),Home Office,2022-02-13
218,Maria Christensen,South Laurachester,Costa Rica,Consumer,2023-12-31
219,Diana Burton,Thomasland,Heard Island and McDonald Islands,Consumer,2024-12-31
220,Marvin White,West Tonyview,Colombia,Corporate,2025-05-12
221,Elijah Conley,Richardburgh,Bouvet Island (Bouvetoya),Corporate,2025-07-16
222,Lisa Rogers,Port Austin,Reunion,Consumer,2021-10-04
223,Kristen Vargas,New Davidport,Pitcairn Islands,Corporate,2025-12-28
224,Sarah Miller,West Cindyport,Netherlands Antilles,Corporate,2025-01-27
225,Kelly Chase,Timothymouth,Ghana,Home Office,2025-10-31
226,Stacey Williams,Mikebury,Palestinian Territory,Corporate,2023-05-29
227,Jamie Howard,North Denise,Dominica,Home Office,2022-09-29
228,Joshua Richardson,West Jason,Belize,Home Office,2025-05-17
229,Jessica Dawson,Port Erica,Taiwan,Consumer,2024-02-02
230,Jennifer Ali,Osbornland,Korea,Consumer,2024-04-20
231,Michael Robinson,Toniport,Benin,Consumer,2023-01-21
232,Brenda Spencer,North Craig,Cayman Islands,Home Office,2022-04-08
233,Adam Jones,East Williammouth,San Marino,Consumer,2025-09-23
234,Charles Miller,West Tylerview,British Virgin Islands,Home Office,2022-02-27
235,Lisa Obrien,Lake Jacquelinestad,Timor-Leste,Corporate,2021-10-25
236,Ashley Gordon,Leeshire,Guam,Home Office,2024-11-19
237,Daniel Floyd,Russellmouth,Jersey,Consumer,2024-03-11
238,Jessica Hughes,East Stephanie,North Macedonia,Home Office,2022-02-26
239,Diana Valdez,Derrickfurt,Luxembourg,Corporate,2022-01-30
240,Samantha Williams,Port Sharon,Equatorial Guinea,Home Office,2024-09-27
241,Victoria Anderson,West Eric,Solomon Islands,Corporate,2023-05-15
242,Lauren Young,East Daniel,Kuwait,Corporate,2023-03-10
243,Christopher Brooks,Edwardsfurt,Colombia,Corporate,2024-04-29
244,Katrina Butler,Sheilaview,Yemen,Corporate,2022-04-13
245,Sonya Johnson,Kristenshire,Canada,Corporate,2025-11-25
246,Lisa Perry,Jacksonburgh,Uganda,Home Office,2023-11-07
247,James Davis,Meganview,Estonia,Corporate,2022-09-14
248,Tony Long,Fryeland,Ghana,Consumer,2022-03-14
249,Karen Martinez,West Rebecca,Marshall Islands,Corporate,2024-10-21
250,Alexis Woods,New Aaronmouth,Finland,Home Office,2021-10-25
251,Brittany Stephenson,West Travis,Solomon Islands,Consumer,2022-08-12
252,Melissa Santiago,East Brianview,Burkina Faso,Home Office,2022-10-30
253,Brittany Bolton,East Christinamouth,Ireland,Home Office,2022-01-16
254,Carrie Jackson,Nicholasstad,Saint Pierre and Miquelon,Corporate,2023-03-28
255,Francisco Johnson,Josephhaven,Burundi,Home Office,2025-05-20
256,Mariah Beltran,Kathrynburgh,Ireland,Home Office,2025-03-03
257,William Nelson,West Laurie,Somalia,Home Office,2022-11-10
258,Christopher Webb,Lake Benjamin,Austria,Consumer,2025-03-15
259,Robert Moreno,New Sarah,Antarctica (the territory South of 60 deg S),Home Office,2025-05-01
260,Timothy Wells,Allisonfort,Palau,Consumer,2022-05-16
261,Christopher Miller,Port Jacob,Bangladesh,Home Office,2021-12-02
262,James Green,Williamsshire,Turkmenistan,Consumer,2023-03-09
263,Stefanie Greene,Angelachester,Turks and Caicos Islands,Corporate,2023-07-05
264,Miss Loretta Martin,New Steven,Malawi,Corporate,2025-06-26
265,Jamie Meyers,New Sara,Sierra Leone,Consumer,2022-11-25
266,Kristina Marquez,Jillianberg,Mongolia,Consumer,2023-08-18
267,Jessica Cummings,West Dawnfurt,British Indian Ocean Territory (Chagos Archipelago),Consumer,2025-09-29
268,Jacqueline Simpson,Lisaborough,Saint Kitts and Nevis,Consumer,2024-02-07
269,Timothy King,West Josephburgh,Egypt,Home Office,2022-01-01
270,David Juarez,Lisabury,Namibia,Home Office,2023-02-04
271,Jay Watson,Michaelfurt,Antarctica (the territory South of 60 deg S),Consumer,2023-12-11
272,Melinda Simpson,Port Derrickton,French Southern Territories,Consumer,2023-05-27
273,Kristen King,Yolandaville,Libyan Arab Jamahiriya,Home Office,2023-03-20
274,Tiffany Ryan,Jacksonport,Saint Barthelemy,Home Office,2024-10-13
275,William Ward,Shellyhaven,Western Sahara,Home Office,2021-08-01
276,Christy Rodriguez,Sanchezhaven,Saint Martin,Consumer,2025-01-04
277,Amy King,Simpsonburgh,Guadeloupe,Corporate,2025-04-10
278,Mrs. Monica Waters,Courtneyburgh,Montserrat,Home Office,2023-06-23
279,Lisa Bryan,Schneiderside,France,Corporate,2024-09-22
280,Brian Patterson,Loriview,Nauru,Corporate,2026-02-11
281,Margaret Sanders,Baldwinshire,Belgium,Home Office,2026-04-14
282,Nicole Ross,Debrabury,Maldives,Corporate,2025-12-29
283,Michael James,Port Ernestport,Switzerland,Home Office,2023-08-31
284,Luis Scott,Jasonport,Mauritius,Home Office,2023-07-20
285,Sarah Collins,South Autumn,Cambodia,Consumer,2022-10-03
286,Daniel Kelly,West Cheryl,Bolivia,Home Office,2022-02-19
287,Jeffrey Torres,Lake Arielbury,Sao Tome and Principe,Corporate,2024-08-04
288,Chad Christian,Donnaville,China,Consumer,2025-01-23
289,Lindsey Bailey,East Nicholasburgh,British Indian Ocean Territory (Chagos Archipelago),Consumer,2023-08-03
290,Olivia Wyatt,South Heidi,Thailand,Consumer,2025-06-17
291,Jade Francis,South Davidburgh,American Samoa,Consumer,2025-09-07
292,Heather Roberts,New Donaldfort,Bahrain,Home Office,2022-12-27
293,Corey Hall,Allenside,Latvia,Home Office,2022-10-06
294,Cameron Brady,South Daniel,Romania,Corporate,2024-07-04
295,Joshua Johnson,Codyview,Bosnia and Herzegovina,Home Office,2022-11-06
296,Samantha Calhoun,North Angelamouth,Mauritania,Consumer,2024-01-07
297,Amanda Thompson,Port Mariafort,Saint Helena,Consumer,2022-01-02
298,Austin Lopez,West Tinaburgh,Bermuda,Corporate,2024-12-20
299,Amy Smith,Salazartown,New Caledonia,Corporate,2025-07-06
300,William Stewart,Gibsonmouth,Uzbekistan,Corporate,2023-02-07
301,Tyler King,Smithland,United Kingdom,Consumer,2024-12-26
302,Robert Hale,West Jeremy,United States Virgin Islands,Corporate,2022-01-04
303,Ashley Rodriguez,South William,Saudi Arabia,Corporate,2021-07-29
304,Ronald Howard,Rodriguezchester,Gibraltar,Home Office,2023-04-29
305,Kathryn Clarke,West Alisonside,Kuwait,Home Office,2021-11-02
306,Lance Ward,Port Johnny,Namibia,Consumer,2022-06-18
307,Albert Adams,Samuelstad,Togo,Home Office,2023-04-30
308,Tammy Kirk,North Susan,Micronesia,Home Office,2025-12-24
309,Summer Campos,Julieberg,Oman,Home Office,2023-12-21
310,Jorge Jackson,East Mitchell,Equatorial Guinea,Corporate,2022-04-26
311,Julia Gomez,Lake Philiptown,Botswana,Home Office,2023-11-14
312,Janet Case,Jamesshire,Vietnam,Corporate,2022-11-14
313,Linda Sharp,New Jeffreychester,Belize,Corporate,2024-06-19
314,Stephen Robinson,Port Wendyview,Serbia,Home Office,2021-09-01
315,Rhonda Oconnor,Archerchester,Montserrat,Corporate,2022-12-29
316,Ana Richardson,New Sarahview,Egypt,Corporate,2024-10-18
317,Carol Lee,East Brian,Bouvet Island (Bouvetoya),Home Office,2025-08-07
318,Jose Campbell,Christinastad,Monaco,Corporate,2024-12-27
319,Lisa Rivera,Aaronstad,Costa Rica,Home Office,2023-07-25
320,Mark Christensen,Maryland,Kazakhstan,Consumer,2023-11-28
321,Nicholas James,Jamesshire,Syrian Arab Republic,Home Office,2022-11-19
322,James Anderson,Amandaburgh,Qatar,Home Office,2023-07-29
323,Linda Diaz MD,East Kelly,Jersey,Home Office,2024-08-16
324,Amanda Costa,Lake Amanda,Egypt,Corporate,2025-03-07
325,Jesse Davis,New Andrestad,Marshall Islands,Consumer,2024-09-21
326,Jeffrey Weber,East Cherylport,Indonesia,Home Office,2025-02-19
327,Michele Davis,East Janiceberg,Guinea-Bissau,Home Office,2025-09-03
328,Amanda Long,Davidport,Ukraine,Home Office,2022-02-11
329,Nicholas Santos,Lisamouth,Saint Barthelemy,Consumer,2023-08-02
330,Carmen Evans,Ortizhaven,China,Corporate,2024-01-22
331,Dennis Kennedy,Chelseatown,Tuvalu,Consumer,2024-08-19
332,Nicole Buck,North Bruce,Cocos (Keeling) Islands,Corporate,2024-04-07
333,Kelly Keith,Taylormouth,Cote d'Ivoire,Consumer,2024-05-02
334,Erik Morton,Lake Calvin,Cocos (Keeling) Islands,Home Office,2024-04-27
335,Jenna Wade,South Jason,Canada,Corporate,2026-06-13
336,Megan Black,Donaldtown,Venezuela,Consumer,2022-11-03
337,Veronica Frederick,North Caitlin,Tokelau,Home Office,2024-02-20
338,Nicholas Kramer,Kevinhaven,Palestinian Territory,Home Office,2025-07-26
339,Edward Lamb,Noahborough,Cyprus,Home Office,2024-02-22
340,Mr. Jeffrey Wagner MD,Port Jorgemouth,Lesotho,Home Office,2022-11-14
341,Andrew Taylor,Joeltown,Mauritius,Consumer,2021-09-20
342,Gabriela Lopez,South Lisa,Grenada,Consumer,2022-09-22
343,Angelica Perkins,Griffinville,Korea,Consumer,2024-08-31
344,Cheryl Williams,Millerport,Nicaragua,Consumer,2022-12-07
345,Sean Ross,Chelseahaven,Faroe Islands,Consumer,2025-04-04
346,Robert Martin,Lake Angelashire,Western Sahara,Home Office,2026-03-12
347,Raymond Goodman,East Amberhaven,Paraguay,Corporate,2025-03-22
348,Katherine Kelly,Parktown,Bulgaria,Corporate,2022-01-07
349,Adam Stewart,New Brandon,Montenegro,Consumer,2023-03-01
350,Raymond Bright,South Bradley,Palestinian Territory,Corporate,2025-08-04
351,Julian Hunter,North Lindseyhaven,Botswana,Home Office,2023-05-05
352,Jennifer Peterson DVM,Port Ashley,Guinea,Corporate,2022-09-16
353,Vanessa Simmons,New Desiree,Guernsey,Consumer,2026-05-05
354,Melinda Gonzalez,Smithhaven,Central African Republic,Corporate,2021-12-19
355,Mark Farley,Leestad,Romania,Corporate,2022-02-27
356,Nathan James,North Jerome,Senegal,Corporate,2023-11-25
357,Kevin Guzman,Monicaville,Poland,Corporate,2021-10-26
358,William Sanchez,Vanessaborough,Venezuela,Consumer,2025-01-29
359,Adrian Davis,South Kristen,Philippines,Home Office,2026-06-18
360,Shane Crawford,North Henryburgh,Finland,Corporate,2026-01-21
361,Harry Olson,Shahfort,Antigua and Barbuda,Home Office,2026-03-27
362,Anthony Thompson,South Hectorchester,Guyana,Home Office,2021-08-19
363,Larry Yang,East Seantown,Poland,Home Office,2026-05-01
364,Christine Brown,New Jaimeview,Congo,Consumer,2024-08-30
365,David Marshall,Patriciaburgh,Luxembourg,Home Office,2026-06-28
366,Scott Wu,Petersontown,Svalbard & Jan Mayen Islands,Home Office,2025-02-25
367,Nathaniel Spencer,North Deannabury,Vietnam,Corporate,2025-05-15
368,Jessica Martin,West Kristenhaven,Kazakhstan,Consumer,2024-02-03
369,Shannon Cox,Lake Robinton,Palestinian Territory,Consumer,2024-08-02
370,Tara Berg,Swansonbury,French Southern Territories,Home Office,2021-08-23
371,Michelle Schmidt,West Nicholas,Germany,Home Office,2023-09-09
372,Joseph Johnson,North James,Cayman Islands,Home Office,2026-03-13
373,David Byrd,Pageburgh,Samoa,Home Office,2022-08-22
374,Amy Hoffman,North Nicholas,China,Corporate,2023-09-13
375,Bethany Newman,South Christopher,Austria,Home Office,2026-02-12
376,Chase Robinson,North Ruth,Jordan,Consumer,2022-05-01
377,Stephanie Harris,South Jacobchester,Djibouti,Consumer,2023-12-10
378,Robert Golden,Stokeshaven,United States Virgin Islands,Consumer,2024-07-26
379,Andrew Smith,Reynoldsbury,Norway,Consumer,2025-05-10
380,Christopher Stewart,Kevinmouth,Pitcairn Islands,Home Office,2023-03-24
381,Morgan Mccoy,South Amyberg,Lithuania,Consumer,2024-04-29
382,Andrew Carter,Hoffmanton,Swaziland,Consumer,2024-11-13
383,Carrie King,Andreahaven,Iraq,Consumer,2022-08-30
384,Rebecca Smith,East Maria,Bouvet Island (Bouvetoya),Consumer,2024-02-11
385,David Long,North Joshua,China,Consumer,2024-03-02
386,Anita Moreno,Lake Jonburgh,San Marino,Consumer,2023-11-21
387,Richard Allen,Smithstad,Israel,Home Office,2025-02-10
388,Gregory Gibson,Smithberg,Heard Island and McDonald Islands,Consumer,2022-09-29
389,Stephen Contreras,Sandraburgh,Burkina Faso,Home Office,2026-01-09
390,Brenda Morris,Andersonhaven,Grenada,Home Office,2022-03-15
391,Kenneth Gonzalez,Jaredmouth,Sri Lanka,Corporate,2025-01-09
392,Tracy Park,Williamchester,Norway,Home Office,2024-04-30
393,Carlos Rodriguez,Gonzalezport,Fiji,Consumer,2023-12-30
394,Robert Gardner,Bishopchester,Bangladesh,Consumer,2023-01-05
395,Ashley Henson,Hunterland,Philippines,Corporate,2022-08-16
396,Joel Mack,Port Donald,Belgium,Corporate,2025-01-03
397,Jose May,Lake Amanda,Equatorial Guinea,Consumer,2025-03-07
398,David Townsend,New Catherinechester,Greece,Corporate,2025-06-09
399,Natalie Clark,Cherylburgh,Korea,Consumer,2021-11-21
400,Timothy Oliver,New Chadside,Belize,Consumer,2022-09-05
401,Alexis Hammond,Glennborough,Seychelles,Home Office,2025-06-04
402,Derrick Rodriguez,Garciaview,Poland,Home Office,2021-11-29
403,Matthew Robinson,South Breanna,Cote d'Ivoire,Corporate,2023-08-01
404,Jeffrey Benson,Brendaborough,Malta,Consumer,2025-09-05
405,Gary Larsen,Romerochester,Marshall Islands,Corporate,2025-11-13
406,Diane Hernandez,Lake Julie,Uganda,Corporate,2024-06-05
407,Kathryn Moreno,Kimberlyhaven,Denmark,Corporate,2022-12-16
408,Joseph Wilkerson MD,Lake Robertburgh,Italy,Home Office,2022-03-10
409,Peter Green,Powellmouth,Somalia,Home Office,2022-06-14
410,Rebecca Mcgee,West Robert,Zimbabwe,Consumer,2025-08-16
411,Jason Williams,Walkermouth,Central African Republic,Consumer,2024-05-24
412,Patricia Boone,Port Thomas,Greenland,Home Office,2023-06-22
413,David Ward,North Jodyberg,Maldives,Corporate,2021-11-25
414,Joel Baker,Jenniferside,Falkland Islands (Malvinas),Corporate,2026-03-12
415,Thomas Bailey,Carrstad,Honduras,Home Office,2022-12-05
416,Jade Calderon,North Adamberg,Guadeloupe,Corporate,2022-11-21
417,Jose Nguyen,Carolborough,Barbados,Home Office,2023-07-19
418,Matthew Roach,Jeffshire,Somalia,Corporate,2022-10-14
419,Alex Mitchell,West Ericahaven,Nepal,Home Office,2025-06-09
420,Logan Wilson,Bellhaven,Comoros,Home Office,2022-06-09
421,Steven Vincent,Port Jamesmouth,Mexico,Corporate,2024-09-08
422,Jessica Newton,New Jennifer,Northern Mariana Islands,Home Office,2026-04-09
423,Joseph Hernandez,Lake Thomas,Zimbabwe,Corporate,2024-05-03
424,Brandon Wyatt,Brockshire,Armenia,Home Office,2025-03-05
425,Marie Torres,South Johnathan,Tonga,Corporate,2024-05-21
426,Jesus Bradley,New Antoniomouth,Cote d'Ivoire,Home Office,2021-10-06
427,Melissa Henry,Johnborough,Zambia,Corporate,2021-08-18
428,Heather Watson PhD,Port Bethport,Rwanda,Home Office,2024-01-07
429,Maria Nguyen,Elizabethville,British Virgin Islands,Consumer,2025-12-25
430,Michael Flores,Hernandezberg,Greece,Corporate,2025-06-10
431,Carly Gonzales,Port Michael,United States of America,Consumer,2024-07-12
432,Lisa Hall,East Kyleville,Thailand,Consumer,2022-05-23
433,Sharon Smith,Port Douglasland,Botswana,Corporate,2022-03-04
434,James Solomon,New Alisha,Kazakhstan,Home Office,2022-08-05
435,Ashley Smith,West Laurastad,New Caledonia,Corporate,2024-08-12
436,Sherry Hart,Sheriview,French Polynesia,Corporate,2025-08-20
437,Barbara Nelson,New Tanya,Spain,Corporate,2022-04-04
438,Ashley Horton,Rebeccamouth,Congo,Consumer,2022-04-02
439,Deborah Diaz,Jessicamouth,French Polynesia,Home Office,2022-11-30
440,Cathy Jackson,West Pamelamouth,Chad,Consumer,2023-10-16
441,Henry Gonzalez,Kathleenville,Solomon Islands,Consumer,2025-03-18
442,Gregory Cole,Carrollshire,Belgium,Corporate,2022-12-05
443,Jennifer Mcgee,North Darrenburgh,Guyana,Corporate,2023-06-03
444,Robert Carey,Davidton,Tajikistan,Corporate,2024-11-01
445,Carol Green,Port Jamesmouth,Togo,Consumer,2023-11-17
446,John Barker,Smithbury,Saint Vincent and the Grenadines,Home Office,2022-09-27
447,Jacob Cline,Toddfurt,Tokelau,Home Office,2023-11-14
448,John Miller,Lake Cindy,Iraq,Corporate,2022-07-05
449,Cory Wilson,Campbellside,Iran,Corporate,2022-05-05
450,Cynthia Lynn,Richardhaven,Nepal,Consumer,2021-11-10
451,Amy Bruce,West Kevin,Norway,Home Office,2022-04-19
452,Gary Lopez,New Rebekahborough,Lesotho,Home Office,2025-02-16
453,David Marquez,North Ashleyville,Macao,Corporate,2022-06-19
454,Daniel Richardson,Joshuachester,Western Sahara,Home Office,2024-01-06
455,William Williams,Hernandezport,Chile,Corporate,2022-09-22
456,Molly Koch,New Zachary,Fiji,Consumer,2022-07-27
457,Robin Morrow,North Sierra,China,Consumer,2023-09-27
458,Brittany Adams,Armstrongtown,Singapore,Home Office,2023-03-20
459,Julie Davis,Welchborough,Antigua and Barbuda,Home Office,2024-03-18
460,Darrell Anderson,Wrightberg,Western Sahara,Consumer,2024-12-30
461,Sara Atkins,West Amanda,Gabon,Home Office,2025-06-07
462,Jordan Walker,Jamesborough,Faroe Islands,Home Office,2025-10-07
463,Ian Park,Christopherton,Australia,Home Office,2025-05-25
464,Edward Nelson,Staffordborough,Guadeloupe,Home Office,2023-03-30
465,Aaron Harris,South Sean,Congo,Home Office,2024-11-03
466,Courtney Hicks,East Emily,Greenland,Home Office,2024-04-03
467,Willie Watson,New Sara,Egypt,Consumer,2024-11-27
468,William Williamson,South Lucasshire,Pakistan,Home Office,2023-06-23
469,Frederick Gibbs,Lynchshire,Yemen,Corporate,2024-01-04
470,Jesse Dalton,Marvinbury,Canada,Home Office,2021-09-25
471,Jennifer Landry,Reynoldshaven,China,Consumer,2023-09-10
472,Brandon Vance,Shannonborough,Thailand,Home Office,2024-05-16
473,Karen Cantrell,Lake Amy,Costa Rica,Home Office,2024-12-03
474,Andrew Mccoy,North Zachary,Greenland,Home Office,2023-09-17
475,Steve Smith,Port Johnland,Heard Island and McDonald Islands,Consumer,2022-03-24
476,Paul Aguilar,New John,Mozambique,Home Office,2025-08-12
477,Bradley Lin,South Danielstad,Hungary,Corporate,2022-08-08
478,Taylor Gonzalez,Danielborough,Turks and Caicos Islands,Consumer,2024-08-26
479,Victoria Freeman PhD,Howellmouth,Denmark,Home Office,2024-09-17
480,Mr. Thomas Johnson,Ericmouth,Estonia,Home Office,2025-05-19
481,Brad Ramsey,Davismouth,Costa Rica,Home Office,2025-10-08
482,Catherine Davis,New Elizabeth,Bolivia,Consumer,2021-09-13
483,James Harris,Smithton,Bahrain,Home Office,2025-02-02
484,Alan Robinson,Carlachester,Senegal,Home Office,2025-02-25
485,Robin Pacheco,New Stevenville,Canada,Home Office,2021-10-19
486,Patrick Rose,Parkermouth,South Africa,Corporate,2023-07-10
487,Jenny Davila,Port Daniel,Somalia,Home Office,2026-03-06
488,Charles Hanson,Garciaport,Algeria,Consumer,2024-11-28
489,Michele Smith,Port Angelafurt,Marshall Islands,Corporate,2022-11-08
490,Jeremy Guzman,Johnsonmouth,Liechtenstein,Consumer,2021-10-26
491,Joe Perkins,Fostermouth,Isle of Man,Consumer,2022-12-02
492,Laura Anderson,South Adamport,Georgia,Home Office,2023-05-27
493,Charles Hernandez,New Rhondashire,Greece,Consumer,2024-10-07
494,Deborah Smith,Rodriguezmouth,Gibraltar,Home Office,2023-09-01
495,Matthew Little,North Dianemouth,Guyana,Consumer,2026-01-23
496,Kristin Jackson,Brownbury,Tuvalu,Home Office,2026-07-19
497,Samuel Hicks,West Ashley,Guatemala,Corporate,2021-10-29
498,Tara Ortiz,Laurenborough,Sudan,Corporate,2024-04-12
499,Ashley Bradley,West Anthony,Andorra,Corporate,2021-08-28
500,Angela Palmer,Kimberlytown,Liechtenstein,Home Office,2024-05-15
501,Charles Gray,Lake Carolynville,Cameroon,Home Office,2025-03-19
502,Joseph Cox,Port Heatherburgh,Croatia,Consumer,2025-07-31
503,Patricia Nelson,North Brianside,Bahrain,Corporate,2025-03-06
504,Mark Fischer,North Robertside,Panama,Home Office,2024-11-15
505,Caitlin Smith,Lake Elizabeth,Argentina,Corporate,2025-12-21
506,Jay Rich,West Angelaborough,Somalia,Corporate,2023-08-02
507,Philip Wilson,Waltonchester,Ghana,Home Office,2026-07-21
508,Sarah Diaz,Port Amandafurt,Burkina Faso,Corporate,2023-12-04
509,Paul Mendoza,Pittmanton,New Caledonia,Consumer,2024-02-21
510,Chad Bell,Laurenbury,United States of America,Home Office,2024-11-17
511,Priscilla Hartman,Chelseatown,Reunion,Corporate,2022-05-13
512,Joshua Thomas,North Kimberly,Dominica,Corporate,2023-07-20
513,William George,East Erinfurt,Ghana,Home Office,2025-04-11
514,Larry Harris,Gibbsborough,Niue,Corporate,2021-08-02
515,Alice Strickland,Lake Heidi,United States Virgin Islands,Home Office,2024-10-01
516,Mrs. Amanda Davis,North Jennifer,Croatia,Corporate,2023-10-13
517,Daniel Brown,South Jacquelineborough,Rwanda,Corporate,2024-05-06
518,John Chang,Scottbury,Guatemala,Corporate,2023-07-09
519,Amber White,Silvaport,Sri Lanka,Home Office,2024-05-10
520,Cody Greene,North Brittany,Monaco,Corporate,2022-10-30
521,Christopher Farrell,South Sierrabury,Timor-Leste,Home Office,2025-06-22
522,Jessica Hayes,Robertville,Liberia,Corporate,2022-09-17
523,Evan Ross,Brownshire,India,Home Office,2023-09-25
524,Laura Smith,South David,Cocos (Keeling) Islands,Home Office,2024-05-22
525,Raven Romero,North Tylerstad,Samoa,Corporate,2022-09-05
526,Jerome Pena,Fordville,Maldives,Home Office,2024-11-12
527,Stacy Smith PhD,Port Alexhaven,Cuba,Corporate,2024-10-28
528,Alexander Garcia,Port Carol,Cape Verde,Corporate,2026-06-06
529,Lisa White,Alanfort,Tonga,Consumer,2022-04-04
530,Ryan Warner,Robertsonmouth,Lesotho,Home Office,2022-11-28
531,Christina Quinn,Frankbury,Peru,Home Office,2024-01-16
532,Jessica King,Port Kathryn,Suriname,Consumer,2024-06-22
533,Brittney Riley,Hintonfort,United Arab Emirates,Home Office,2025-11-10
534,Tyler Hudson,Evanshaven,Ghana,Corporate,2022-02-27
535,Sherry Johnson,North Lisaton,Qatar,Consumer,2024-07-15
536,Jeanne Martin,West Kyle,Hungary,Consumer,2026-07-21
537,Barbara Garner,Lake William,Kyrgyz Republic,Corporate,2023-09-25
538,Susan Beltran,North Carrie,Namibia,Consumer,2022-12-18
539,Eric Turner,Lake Sarahville,United States of America,Consumer,2025-04-12
540,Karen White,North Edwin,Benin,Consumer,2023-06-11
541,Tamara Ingram,Courtneyfurt,Lebanon,Consumer,2025-05-12
542,James Montgomery,Mirandaburgh,Eritrea,Corporate,2025-02-28
543,Rachael Turner,North Nataliestad,Chad,Home Office,2025-02-13
544,Robert Murphy,South Valerie,Bosnia and Herzegovina,Corporate,2025-08-23
545,Jared Jones,Monroehaven,Suriname,Consumer,2026-05-08
546,Meghan Clarke,Christyport,Aruba,Consumer,2025-05-13
547,Erik Norris,Brentshire,British Virgin Islands,Corporate,2023-09-12
548,Kendra Hill,Tiffanymouth,Lebanon,Corporate,2024-11-08
549,Laura Hayes,Hoovershire,Israel,Home Office,2026-03-30
550,Megan Wood,South Katherine,Costa Rica,Corporate,2025-02-14
551,Connor Parks,South Davidchester,Morocco,Corporate,2022-09-14
552,Kenneth Cardenas,North Johnside,Guatemala,Corporate,2023-02-16
553,Denise Evans,South Jesse,France,Corporate,2022-01-22
554,Erica Levy,Greenview,Guadeloupe,Corporate,2026-02-12
555,Christina Martinez,Whitneyburgh,Turkmenistan,Consumer,2023-08-07
556,Lauren Lee,New Gordon,Greenland,Consumer,2023-03-29
557,Samantha Berry,North Stacy,Uganda,Consumer,2025-12-22
558,Gregory Hunter,Ronaldchester,Moldova,Corporate,2026-06-27
559,Dr. Bradley Powell,Fergusonside,Martinique,Consumer,2021-10-02
560,Stephen Carlson,East Jonathan,Cocos (Keeling) Islands,Consumer,2022-09-02
561,Jeff Brooks,West Charles,Kenya,Home Office,2024-08-23
562,Joshua Hurst,Alexandrastad,Brunei Darussalam,Home Office,2026-07-08
563,Sarah Mendez,Benitezport,Benin,Corporate,2025-10-01
564,Darryl Hunter,Ralphshire,American Samoa,Home Office,2024-07-12
565,Gregory Lewis,East Cynthia,Costa Rica,Home Office,2025-07-31
566,Maria Burns,Jonesside,Bouvet Island (Bouvetoya),Consumer,2025-11-07
567,Robert Francis,Torresside,Jamaica,Home Office,2024-01-07
568,Matthew Perez,South Kathleenberg,Lesotho,Corporate,2022-08-27
569,Rachel Anderson,Taylorland,Nauru,Consumer,2022-04-27
570,Sarah Moore,Ellistown,Jordan,Corporate,2023-04-26
571,Steven Wallace,Wheelerton,Mauritius,Consumer,2026-03-22
572,Gabrielle Navarro,Ryanchester,Kyrgyz Republic,Home Office,2025-10-22
573,Jamie Davis,Nicoleport,Georgia,Corporate,2022-07-07
574,Randy Douglas,Lake Luis,Lebanon,Corporate,2026-06-14
575,Benjamin Maldonado,Rachelbury,Belize,Consumer,2026-05-26
576,Christine Smith,New Aaron,Puerto Rico,Consumer,2023-07-19
577,Chelsea Luna,New Heather,United States of America,Consumer,2023-02-24
578,Connor Parsons,Wellsfort,Estonia,Corporate,2022-10-18
579,Thomas Briggs,Lorihaven,Yemen,Corporate,2022-04-15
580,Jason Robinson,Port Jonathan,Holy See (Vatican City State),Consumer,2022-03-14
581,Patricia Smith,Collierborough,Grenada,Corporate,2023-09-22
582,Sean Lee,Lake Becky,Antigua and Barbuda,Corporate,2023-10-15
583,Ashley Rice,East Molly,Guadeloupe,Corporate,2023-07-08
584,Lisa Wang,Melissaville,Western Sahara,Home Office,2023-06-07
585,Jennifer Williams,Aimeeshire,Antarctica (the territory South of 60 deg S),Consumer,2026-03-01
586,Sherri Davis,North Meganstad,Iraq,Consumer,2022-10-07
587,Brent Cabrera,Villegaschester,Wallis and Futuna,Home Office,2026-04-03
588,Sarah Hernandez,South Scott,United States of America,Consumer,2021-09-03
589,Jonathan Cunningham,Martinezberg,Latvia,Home Office,2022-02-08
590,Krystal Ford,East Michelle,Saint Martin,Corporate,2026-02-22
591,Thomas Stewart,North Katie,Saint Lucia,Consumer,2025-04-11
592,Taylor Jones,Port Lisaport,Mayotte,Corporate,2022-05-09
593,Danielle Brooks,West Debrachester,Nigeria,Corporate,2021-12-02
594,Carolyn Rollins MD,Lopezhaven,Taiwan,Home Office,2025-01-05
595,William Mitchell,West John,Barbados,Corporate,2024-06-07
596,Ryan Richardson,Yolandaberg,Malaysia,Corporate,2022-05-27
597,Jacob Frank,Port Warren,Serbia,Corporate,2026-05-04
598,Lynn Osborn,Markshire,Saint Martin,Consumer,2025-04-18
599,Micheal Suarez,Laneton,Malaysia,Consumer,2024-05-01
600,Jordan Thornton,Garciafurt,United States Virgin Islands,Home Office,2025-09-04
601,Cheryl Joyce,New Andrew,Bulgaria,Consumer,2024-05-15
602,Andrew Lindsey,Lake Matthewbury,Nigeria,Corporate,2021-10-16
603,Robin Johnston,South Kylefurt,Sri Lanka,Home Office,2024-08-29
604,Joanne Thompson,Loweryhaven,Guadeloupe,Home Office,2026-06-24
605,Jeffrey Nguyen,Marciabury,Germany,Home Office,2024-10-13
606,Amy Curtis,New Jeffreyberg,Palau,Home Office,2023-09-24
607,Cindy Collins,Burgessstad,Monaco,Home Office,2023-11-09
608,Jose Kramer,Port Kevinfurt,Gabon,Consumer,2025-04-06
609,Priscilla Carr,Murphyport,Argentina,Consumer,2022-09-20
610,Jean Beck,Patelberg,Namibia,Home Office,2025-09-21
611,William Miller,Tanyaberg,India,Consumer,2023-02-10
612,Daniel Johnson,Jillmouth,Ghana,Home Office,2023-01-31
613,James Ho,Mirandahaven,Moldova,Corporate,2024-08-13
614,Craig Reilly,Nguyenstad,Niger,Corporate,2025-06-03
615,Ronald Mccarthy,Marcusfurt,Romania,Corporate,2022-03-19
616,Katrina Gomez,Maddoxberg,Ghana,Corporate,2025-02-13
617,Lisa Montgomery,West Dana,Swaziland,Corporate,2022-10-08
618,Charles Brown,North Steven,Italy,Home Office,2025-06-30
619,Kathleen Allen,Lake Kathleenland,Puerto Rico,Corporate,2023-03-05
620,Matthew Crawford,East Jennifer,Slovakia (Slovak Republic),Home Office,2022-06-01
621,Kyle Booth,Shariside,Antigua and Barbuda,Home Office,2024-06-08
622,Shawn Gonzalez,Watersside,Bhutan,Consumer,2024-08-10
623,Cindy Lewis,Danielton,United States of America,Consumer,2024-06-04
624,Evan Murphy,East Josephchester,Cambodia,Consumer,2024-11-14
625,Daniel Allen,North Charlene,France,Corporate,2024-11-08
626,Jamie Valenzuela,Jordanhaven,Timor-Leste,Consumer,2025-12-09
627,Diane Mcguire,Lake Donald,Gibraltar,Home Office,2025-08-24
628,Alexandra Martinez,Lake Jenniferbury,British Indian Ocean Territory (Chagos Archipelago),Home Office,2024-02-03
629,Ann Lucero,Cheryltown,Tanzania,Corporate,2024-12-25
630,Michelle Oneal,North Johnmouth,United States of America,Consumer,2023-06-30
631,Janice Carter,East Christian,Croatia,Home Office,2025-10-19
632,Paul Johnson,Port Rebeccafort,France,Home Office,2024-04-16
633,Daniel Cuevas,North Ronald,Tokelau,Consumer,2024-04-23
634,Ryan Yang,New Kristenfort,Guyana,Home Office,2022-04-10
635,Catherine Mcintyre,Ashleychester,Ghana,Home Office,2025-04-06
636,Anthony Fernandez,New Anthony,Senegal,Home Office,2024-05-10
637,Austin Myers,Marissastad,Rwanda,Home Office,2026-02-21
638,Kathleen Wilson,Thomasbury,Mauritania,Consumer,2025-03-28
639,Steve Blair,Wilsonfurt,New Caledonia,Corporate,2024-11-15
640,Matthew Chan,Brockville,Aruba,Corporate,2021-11-26
641,Heather Barber,Sarahhaven,Bahamas,Consumer,2025-05-19
642,Michael Davis,Harrismouth,Micronesia,Consumer,2025-02-17
643,Carla Barajas,Kennethshire,Iraq,Consumer,2022-09-13
644,Kelly Thompson,Lake Cory,Guatemala,Consumer,2021-09-24
645,Theresa Sullivan,North Vickiefurt,Bulgaria,Corporate,2026-04-09
646,David Simmons,New Levimouth,Svalbard & Jan Mayen Islands,Consumer,2024-02-05
647,Melissa Warren,Johnsonhaven,Cayman Islands,Consumer,2022-04-08
648,Eugene Ramsey,North Juan,Switzerland,Consumer,2023-01-30
649,Joan Hernandez,East Davidtown,South Africa,Corporate,2022-03-01
650,Autumn Jones,Sandramouth,Moldova,Home Office,2022-03-15
651,Michael Burke,Spencerton,Morocco,Corporate,2025-12-14
652,Lisa Harris PhD,Johnmouth,American Samoa,Corporate,2025-01-27
653,James Jones,Baxtermouth,Suriname,Corporate,2026-04-15
654,Carlos Mcintyre,New Richardhaven,Norfolk Island,Home Office,2026-01-15
655,Samantha Wallace,Ronaldton,India,Consumer,2024-05-03
656,Matthew Banks,Maryview,Hong Kong,Home Office,2022-08-06
657,David Garcia,Hillside,Botswana,Consumer,2024-11-23
658,Heidi Mann,West Richardfort,Bangladesh,Consumer,2021-12-05
659,Melissa Johnson,Tylerbury,Barbados,Home Office,2026-01-26
660,Ashley Ruiz,Kyliebury,Korea,Consumer,2022-01-25
661,Nicolas Crawford,West Rhondatown,Norway,Home Office,2022-03-21
662,Scott Contreras,Shawnaborough,Cayman Islands,Corporate,2023-12-11
663,Ann Davis,Mejiastad,Puerto Rico,Corporate,2024-04-02
664,Henry Glover,Tinaville,Mauritius,Consumer,2025-10-19
665,Julie Martin DDS,Jacksonborough,Indonesia,Consumer,2026-06-14
666,Christine Santos,East Janiceport,South Africa,Home Office,2023-04-10
667,Adam Walker,Cherylmouth,Burundi,Corporate,2026-02-24
668,Vanessa Mata,Hansenstad,Mexico,Corporate,2022-04-07
669,Kayla Estes,Gonzalezfort,Holy See (Vatican City State),Consumer,2022-07-27
670,Kimberly Raymond,Pamelaville,Trinidad and Tobago,Home Office,2025-06-23
671,Kelly Vasquez,Hollowaymouth,Afghanistan,Home Office,2021-10-06
672,John Clayton,North Lisa,China,Home Office,2023-03-25
673,Jason Baker,Port Alyssamouth,Australia,Corporate,2024-09-10
674,Scott Lucas,East Ashley,Solomon Islands,Home Office,2026-04-27
675,Steven Roberson,West Michaelstad,Cape Verde,Corporate,2025-05-01
676,Robert Moody,Mitchellton,Sweden,Corporate,2022-10-09
677,Ryan Jones,Brandonborough,Jamaica,Home Office,2026-05-29
678,Helen Patterson,New Sheryl,Belgium,Consumer,2022-06-03
679,Diana Clay,East Stevenview,Western Sahara,Consumer,2023-01-27
680,James Martinez,Tamaraburgh,Korea,Consumer,2021-09-23
681,Melissa Brown,Higginsshire,Guadeloupe,Consumer,2025-04-19
682,Phyllis Jones,South Dianaport,Sri Lanka,Consumer,2025-08-16
683,Beth Williams,New Samanthaburgh,Cook Islands,Corporate,2022-05-26
684,Richard Gutierrez,Heatherbury,Samoa,Corporate,2024-12-24
685,Michael Berry,North Garyhaven,Antarctica (the territory South of 60 deg S),Home Office,2024-05-22
686,Anthony Hunter,Port Ryan,Gibraltar,Home Office,2026-06-19
687,Matthew Cortez,East Eileenborough,Bosnia and Herzegovina,Consumer,2022-10-01
688,Trevor Hodges,Kimport,Antigua and Barbuda,Corporate,2023-07-20
689,Rebecca Bryant,East Maryside,Pitcairn Islands,Home Office,2023-11-29
690,Kayla Kirk,Cartershire,Cote d'Ivoire,Consumer,2023-10-19
691,Mark Hickman,North Chris,Cayman Islands,Home Office,2023-04-03
692,Samantha Thomas,West Ryan,Austria,Corporate,2026-06-13
693,Joel Phelps,Port Rosefurt,Switzerland,Consumer,2025-06-27
694,Lauren Stewart,North Yolanda,Singapore,Home Office,2025-10-01
695,Hayley Bowman,Martinfort,Sudan,Consumer,2021-11-16
696,Charles Haas,Annborough,Vietnam,Home Office,2021-12-05
697,Brandon Fry,New Melvin,Botswana,Corporate,2025-04-02
698,Lauren Robinson,Port Lisa,Germany,Corporate,2022-07-17
699,Megan Lozano,Brennanside,Lithuania,Corporate,2024-06-20
700,Andrew Anderson,Williamfurt,Brunei Darussalam,Corporate,2025-01-05
701,Ray James,North Patrickstad,Aruba,Corporate,2024-05-26
702,Erica Ponce,North Andrew,Azerbaijan,Consumer,2021-12-20
703,Scott Hicks,Matthewshire,El Salvador,Consumer,2021-10-02
704,Michael Stout,South Caseyberg,Madagascar,Home Office,2025-01-26
705,Alexis Jones,Port Theresa,Uganda,Consumer,2021-10-10
706,Jermaine Hooper,North Matthew,Israel,Home Office,2023-04-02
707,Sarah Mosley,Meganmouth,Heard Island and McDonald Islands,Consumer,2025-01-08
708,Alexander Morris,South Gregorymouth,Armenia,Home Office,2023-05-05
709,Megan Simon,Garytown,Brazil,Consumer,2026-03-13
710,Devon Smith,Christinetown,Mayotte,Consumer,2021-09-08
711,Teresa Kelly,Thomashaven,Zimbabwe,Corporate,2025-02-06
712,Aaron Blackburn,Harringtonborough,Venezuela,Corporate,2022-01-22
713,Gregory Henry,Jessicastad,Afghanistan,Corporate,2024-10-05
714,Chelsea Holland,Henryborough,Haiti,Corporate,2024-02-08
715,Jason Palmer,New Coryport,Portugal,Consumer,2024-05-14
716,Mark Cox,Holmesstad,Vietnam,Consumer,2022-01-21
717,Tonya Hernandez,South Dan,Canada,Consumer,2023-06-04
718,Ryan Thompson,Taraborough,Netherlands,Corporate,2026-03-23
719,Terry Lamb,New Courtney,French Polynesia,Corporate,2023-05-05
720,Sarah Wood,Lake Tiffanyland,Liechtenstein,Corporate,2023-11-18
721,Rachel Duncan,East Fredton,Montenegro,Home Office,2021-11-17
722,Justin Miller,Underwoodport,Timor-Leste,Corporate,2025-09-27
723,Mario Clarke,West Amberton,Gibraltar,Home Office,2026-05-05
724,Regina Reyes,Taylorfort,Malaysia,Home Office,2023-07-22
725,Chad Hill,South Davidville,Kyrgyz Republic,Corporate,2024-05-31
726,Ross Ward,Castillofurt,Congo,Corporate,2021-11-13
727,Mary Franklin,East Evan,Algeria,Consumer,2021-11-14
728,Stephanie Thomas,East Tonymouth,Kiribati,Corporate,2023-06-14
729,Zachary Mathews,North Lawrence,Dominican Republic,Corporate,2023-09-06
730,David Mcfarland,South Loganville,Nepal,Home Office,2021-09-29
731,Maria Lawrence,South Lisachester,Belarus,Consumer,2022-12-20
732,Travis Adams,Lake Matthewton,Jersey,Corporate,2022-10-06
733,Joseph Townsend,North Sandraburgh,Georgia,Home Office,2023-03-10
734,Matthew Sanchez,Port Cody,Guinea-Bissau,Home Office,2023-02-25
735,Luke Curtis,Michaelburgh,Qatar,Corporate,2025-03-25
736,Jennifer Fields,Thomasville,Heard Island and McDonald Islands,Consumer,2022-12-15
737,Jason Watkins,New Raymond,Svalbard & Jan Mayen Islands,Consumer,2022-06-30
738,Matthew Miranda,New Dustinfurt,Latvia,Consumer,2023-06-16
739,Matthew Elliott,Williamsstad,Kyrgyz Republic,Consumer,2024-11-05
740,Melinda Weiss,West Andrea,Palau,Corporate,2023-07-06
741,Haley Rodriguez,North William,Namibia,Corporate,2022-12-09
742,Sara Parker,South Yesenia,Australia,Home Office,2022-09-03
743,Michael Mahoney,East Jorgetown,Oman,Consumer,2025-10-13
744,Richard Lewis,Lake Alexandria,Korea,Consumer,2023-07-02
745,Sierra Joseph,Dukemouth,Saudi Arabia,Consumer,2022-07-02
746,Tiffany Bruce,Port Audrey,Uganda,Consumer,2022-05-23
747,Erin Hampton,North Danielleport,Kiribati,Corporate,2024-08-06
748,Courtney Allen,Joshuaborough,Spain,Home Office,2024-09-11
749,David Moore,Sotoside,Guadeloupe,Corporate,2022-03-18
750,Daniel Cervantes,Port Williamhaven,Portugal,Home Office,2022-05-08
751,Raymond Mathews,Davidfurt,Cuba,Corporate,2025-11-25
752,Mr. Kenneth Smith,Jonesfurt,Russian Federation,Corporate,2022-01-29
753,Andrea Carson,South Barbarachester,Malaysia,Consumer,2021-08-23
754,Robert Gonzalez,North Brandy,Paraguay,Corporate,2025-06-12
755,Amanda Nguyen,West Kyleburgh,Latvia,Corporate,2025-09-27
756,Steven Douglas,Jeffersonfort,Cyprus,Home Office,2022-01-12
757,Maria Carter,Erikside,Bahrain,Home Office,2023-05-27
758,Mark Hernandez,Walshbury,Falkland Islands (Malvinas),Corporate,2023-04-06
759,Brian Lester,North Aaron,Bangladesh,Home Office,2024-09-08
760,Judy Kennedy,Thomasborough,Monaco,Home Office,2026-01-29
761,Joseph Price,Nguyenhaven,Tanzania,Consumer,2025-08-05
762,Kelsey Mills,South Rebekahberg,Hong Kong,Corporate,2026-04-24
763,Jennifer Smith,Port Johnberg,Tanzania,Consumer,2022-04-27
764,Lee Johnson,South Jillchester,Macao,Home Office,2023-11-27
765,Amanda Smith,East Charlesport,Canada,Consumer,2025-07-19
766,Ryan Horn,Escobarchester,Holy See (Vatican City State),Corporate,2022-11-07
767,Andrea Bennett,Heatherside,Panama,Corporate,2022-06-14
768,Tara Massey DDS,East Ernestton,Luxembourg,Corporate,2026-05-21
769,Kathleen Ward,Port Sharifurt,Lebanon,Home Office,2023-07-03
770,Jill Murphy,West Michelleland,Micronesia,Consumer,2025-10-20
771,Yvette Morales,North Francis,Puerto Rico,Consumer,2022-02-25
772,Tyler Weber,Ochoafort,Ghana,Consumer,2023-02-02
773,Ryan Perry,Anthonyfort,Latvia,Home Office,2025-09-15
774,Walter May,West Fredborough,Barbados,Home Office,2026-07-01
775,Christopher Singleton,Jimenezbury,Greenland,Corporate,2024-10-23
776,Bradley Perez,Kevinfort,Bulgaria,Consumer,2021-08-04
777,Sheri Robinson,Ryanfurt,Palau,Home Office,2023-04-10
778,David Spencer,Debrafort,Netherlands Antilles,Corporate,2023-11-25
779,Amy Baker,West Moniquechester,Micronesia,Home Office,2022-09-02
780,Isaac Bolton,Thompsonberg,Honduras,Home Office,2024-06-22
781,Sergio Lucero,Nelsonfurt,Uzbekistan,Home Office,2025-04-11
782,Jill Keith,New Maryburgh,Bhutan,Corporate,2023-06-19
783,Douglas Jimenez,Anthonybury,Libyan Arab Jamahiriya,Home Office,2021-09-20
784,Mrs. Christine Barnett,Ericksonborough,Mayotte,Consumer,2022-11-18
785,Mike Castaneda,North Eileenbury,Angola,Consumer,2026-03-20
786,Mary Delgado,North Christopherville,Fiji,Consumer,2026-03-15
787,Andrew Petersen,Lucasstad,British Indian Ocean Territory (Chagos Archipelago),Corporate,2022-10-01
788,Melinda Coleman,East Anne,Niger,Corporate,2023-03-10
789,Amy Baker,North Elizabethfurt,Spain,Corporate,2026-01-05
790,Jennifer Williams,Williamborough,Cocos (Keeling) Islands,Corporate,2026-04-17
791,Laura Mcdonald,Stevenstad,Ireland,Consumer,2023-03-07
792,Cheryl Suarez DDS,South Timothy,France,Home Office,2022-01-01
793,David Williams,Holtview,Israel,Corporate,2023-04-23
794,Jessica Herrera,West Thomashaven,Kenya,Corporate,2025-01-16
795,Kelly Patel,Karamouth,Czech Republic,Consumer,2022-01-18
796,Amanda Zamora,Sandraview,Denmark,Corporate,2023-01-31
797,Robert Yoder,Carlaside,Guyana,Home Office,2023-12-05
798,Albert Hansen,West Shannon,Bouvet Island (Bouvetoya),Home Office,2024-11-20
799,Jacob Montoya,Meganfurt,Maldives,Corporate,2023-07-03
800,Sarah Mcintosh,Ruizville,Cote d'Ivoire,Home Office,2022-04-18
801,Ricardo Schroeder,Kathleenfort,Jamaica,Corporate,2024-06-13
802,Mrs. Cassandra Adams,Lake Monicashire,United States of America,Corporate,2025-05-04
803,Lawrence Cook,Port Scottville,Heard Island and McDonald Islands,Home Office,2025-04-05
804,Colleen Walker,Jaredport,French Southern Territories,Corporate,2022-08-02
805,Kevin Jarvis,New Kevinstad,Denmark,Consumer,2021-10-03
806,Yvonne Clayton,West Nathan,Ukraine,Consumer,2021-12-31
807,Frank Bryant,South Richard,Romania,Home Office,2024-06-23
808,Jessica Day,Matthewsmouth,Jamaica,Consumer,2024-05-23
809,Ashley Cummings,West Justinberg,Jordan,Home Office,2022-08-26
810,Derrick Coleman,Harveychester,Portugal,Corporate,2021-10-31
811,Jennifer Payne,Lake Kimberlyview,Tanzania,Home Office,2022-11-06
812,Joe Johnson,Timothyberg,Colombia,Consumer,2022-11-03
813,James Noble,Roblesland,Greece,Home Office,2026-04-18
814,Brandon Oliver,Smithchester,Isle of Man,Consumer,2025-01-13
815,Sabrina Gomez,Brianbury,Colombia,Consumer,2022-08-14
816,Robert Pham,New Phillipberg,Saint Kitts and Nevis,Home Office,2025-06-25
817,Joshua Mcbride,Port Dawnchester,Belarus,Home Office,2025-12-13
818,Amanda Ayala,East Kimberly,Senegal,Consumer,2024-09-20
819,Stanley Washington,East Matthewhaven,Timor-Leste,Consumer,2023-07-15
820,Samantha Carroll,Lake Cynthia,Ukraine,Corporate,2023-01-29
821,Cristina Daniel,Ellischester,Papua New Guinea,Home Office,2022-09-02
822,Michelle Hernandez,West Ryanstad,Saudi Arabia,Consumer,2023-12-29
823,Stephanie Brooks,North Stephaniechester,Georgia,Corporate,2026-04-16
824,Jeremy Stewart,Port Bruce,Bulgaria,Consumer,2023-04-20
825,Mary Martin,South Maryshire,Angola,Home Office,2021-08-19
826,Crystal Miller,West Denisefort,Tonga,Consumer,2024-07-21
827,Thomas Brown,North John,Nepal,Consumer,2026-05-16
828,William Lopez,East Amanda,Spain,Consumer,2026-05-02
829,Anthony Rodriguez,Port Benjaminton,Croatia,Consumer,2021-12-11
830,Eric Calderon,Jonesberg,Lao People's Democratic Republic,Consumer,2024-12-24
831,Sherri Lopez,Lambertfurt,Kenya,Home Office,2023-01-01
832,Michael Reese,Collinsbury,Congo,Consumer,2023-08-06
833,Robert Kennedy,East Eric,Cape Verde,Consumer,2022-08-12
834,Christopher Walters,Lake Brian,Saint Vincent and the Grenadines,Corporate,2022-05-11
835,Wendy Stokes,West Barbara,China,Home Office,2024-06-22
836,Travis Thompson,Martinshire,Niue,Corporate,2024-06-17
837,Charles Ryan,West Paul,Suriname,Consumer,2022-11-18
838,Joshua Gutierrez,Baileymouth,Monaco,Consumer,2024-09-20
839,Aaron Duran,Patrickburgh,Dominican Republic,Consumer,2023-07-21
840,Heidi Jones,North Christina,Western Sahara,Home Office,2024-02-02
841,Monica Mcintosh,Piercehaven,Chad,Corporate,2025-11-09
842,Charles Santos,Port Donaldstad,Puerto Rico,Corporate,2025-09-20
843,Linda Evans,Angelaburgh,Monaco,Consumer,2022-10-02
844,Angelica Holmes,Heathermouth,Micronesia,Consumer,2024-03-30
845,Elizabeth Mejia,Jocelynview,Mozambique,Home Office,2022-09-16
846,Mathew Mccoy,Tonyabury,Latvia,Consumer,2026-03-27
847,Heather Hunt,South Alvin,Mauritius,Consumer,2022-03-31
848,John Soto,Santiagomouth,Cyprus,Consumer,2021-09-03
849,Anne Matthews,North Kevin,Hungary,Home Office,2026-02-07
850,Victoria Martinez,Allisonburgh,Finland,Corporate,2022-05-21
851,Nathan Marquez,Mercerport,American Samoa,Consumer,2021-08-26
852,Michael Valdez,Amystad,Kuwait,Home Office,2025-07-08
853,Rebecca Davis,Port James,Christmas Island,Corporate,2023-05-08
854,Jamie Serrano,East Josephburgh,Netherlands,Corporate,2024-03-25
855,Robert Marquez,Derrickton,Maldives,Consumer,2025-11-18
856,Jennifer Hernandez,Lake Patrickview,Burundi,Corporate,2026-01-15
857,Brian Kirk,Coxport,Martinique,Home Office,2021-10-03
858,John Bowen,South Jamie,Lesotho,Consumer,2022-07-07
859,Joseph Fox,North Sara,Faroe Islands,Home Office,2024-11-11
860,Jacqueline Wilson,Port Caitlin,Guinea,Corporate,2026-07-16
861,Darryl Martin,Stewartburgh,Montserrat,Corporate,2022-03-26
862,Ana Guerrero,Johnhaven,Uzbekistan,Corporate,2024-02-08
863,Travis Rodriguez,Powersshire,Jamaica,Corporate,2023-07-03
864,Robert Day,Gainesborough,Mauritius,Corporate,2023-05-25
865,Pamela Curtis,Lake Harry,Ukraine,Consumer,2025-01-05
866,Tyler Anderson,East Philip,Cambodia,Home Office,2022-10-21
867,Brian Rivera,Kevinhaven,Uzbekistan,Consumer,2024-07-26
868,Katrina Cox,Jessicaport,Romania,Corporate,2022-09-05
869,Courtney Reed,Robertland,Canada,Consumer,2022-03-03
870,Russell Miller,East Gary,Poland,Consumer,2023-08-21
871,Jason Bell,South Emily,Australia,Consumer,2025-09-03
872,Kevin Herman,Jonesmouth,French Polynesia,Consumer,2026-02-25
873,Patrick Perry,Kevinbury,North Macedonia,Home Office,2024-10-04
874,Stephanie Smith,Scottborough,Guernsey,Consumer,2022-04-11
875,Lauren Cervantes,Port Morgan,Cocos (Keeling) Islands,Home Office,2025-03-17
876,Maria Cruz,North Reneeview,Vanuatu,Consumer,2023-08-08
877,Melissa Fisher,West Jason,Burundi,Home Office,2024-11-12
878,Shannon Moore,Port Gary,El Salvador,Home Office,2024-02-13
879,Jessica Salazar,Port Kayleeberg,Sierra Leone,Consumer,2025-09-11
880,Kyle Mitchell,Melissaland,Colombia,Corporate,2021-12-04
881,Kathryn Ellison,South Andrealand,Belgium,Consumer,2022-03-28
882,Tracy Murphy,Johnsonton,Svalbard & Jan Mayen Islands,Corporate,2023-07-13
883,Amanda Gates,Melissaton,Guinea-Bissau,Corporate,2023-07-11
884,James Hull,North Mary,Venezuela,Consumer,2026-01-03
885,Nicole Sullivan,Amyberg,South Africa,Home Office,2022-07-02
886,William Moreno,East Jenniferhaven,Ireland,Corporate,2026-02-09
887,Matthew Riley,Davisfort,Bosnia and Herzegovina,Corporate,2022-09-02
888,Jasmine Ingram,Joehaven,South Africa,Corporate,2023-05-08
889,Mr. Nicholas Gray DDS,Jenniferstad,United States Virgin Islands,Consumer,2023-04-20
890,Jeffrey Mcbride,Josephmouth,Bangladesh,Home Office,2024-04-22
891,Shannon Donaldson,East Courtney,Serbia,Home Office,2021-11-11
892,Angela Fletcher DDS,Norrischester,Andorra,Corporate,2025-01-22
893,Lawrence Larsen,Lake Gregory,Grenada,Home Office,2022-12-01
894,Joshua King,Jeffreybury,Fiji,Consumer,2025-11-23
895,Scott Weber,Lake Johnshire,Ireland,Corporate,2022-02-17
896,Joseph Holden,Robertsonview,Lithuania,Corporate,2024-06-18
897,Ernest White,Mcdonaldfurt,Northern Mariana Islands,Consumer,2021-10-27
898,Teresa Fischer,Blackwellberg,China,Home Office,2025-05-02
899,Michelle Smith,Brittanyfurt,Kenya,Corporate,2024-06-03
900,Sherry Munoz,Morenobury,Georgia,Consumer,2025-03-06
901,Cody Ibarra,North Cynthiaview,United States Virgin Islands,Corporate,2025-10-10
902,Cynthia Brown,Keithbury,India,Consumer,2024-05-23
903,Mary Fuentes,Snowton,Taiwan,Corporate,2023-10-03
904,Rebecca Preston,Lake Tonya,Cook Islands,Consumer,2025-10-06
905,Lisa Odonnell,Stephanieburgh,Malaysia,Corporate,2025-04-12
906,Rachel Jones,Ashleystad,Svalbard & Jan Mayen Islands,Home Office,2024-06-29
907,Michael Walsh,New Krista,Canada,Corporate,2023-08-29
908,Carlos Chavez,Robertside,French Southern Territories,Home Office,2022-06-23
909,James Rice,Castromouth,Malta,Consumer,2026-05-14
910,Brandon Farmer,Lake Brenda,Gibraltar,Corporate,2021-09-25
911,Douglas Lowe,Mooreside,Montenegro,Consumer,2025-10-24
912,Tiffany King,Stanleyburgh,Guam,Corporate,2022-11-01
913,Dr. Mary Bailey,Reynoldsmouth,Chile,Consumer,2025-07-01
914,Allison Harrison,Port Melissamouth,Bosnia and Herzegovina,Consumer,2026-02-08
915,Jennifer Mann,Lake Sharon,Central African Republic,Home Office,2024-01-10
916,George Bond,Jamesstad,Namibia,Consumer,2026-01-04
917,Ian Gardner,South Tammyfort,New Caledonia,Corporate,2025-05-21
918,Kimberly Hunt,Port Sarah,Russian Federation,Consumer,2025-08-16
919,Sharon Wu,South Autumnport,Israel,Consumer,2022-11-13
920,Melissa Gates,North Adam,Saint Barthelemy,Corporate,2024-08-13
921,Yvette Robinson,South Mariahaven,Bahamas,Consumer,2022-02-03
922,Thomas Fox,Lake Michaelburgh,Chad,Consumer,2024-10-14
923,Jason King,Riveraburgh,Slovakia (Slovak Republic),Consumer,2022-06-05
924,Paul Dominguez MD,New Markton,Dominican Republic,Home Office,2023-06-05
925,Allison Melendez,Travishaven,Cuba,Consumer,2025-08-11
926,Lisa Maldonado,New Adriennefort,Norfolk Island,Corporate,2025-11-30
927,Joseph Bishop,Lake Ericville,Namibia,Consumer,2026-03-06
928,Michael Hernandez,South Joseph,Christmas Island,Home Office,2022-10-08
929,Kimberly Santos,Robertchester,Albania,Corporate,2021-09-15
930,David Bennett,Jerryfort,Isle of Man,Home Office,2022-12-30
931,Guy Long,Stevensburgh,Colombia,Corporate,2022-05-20
932,James Pugh,Howardtown,Nepal,Home Office,2025-05-14
933,Judith Elliott,East Martin,Cape Verde,Corporate,2026-02-04
934,Jeremy Miranda,Port Nicolechester,Senegal,Corporate,2026-06-22
935,Joyce Smith,North Taylortown,Western Sahara,Home Office,2022-12-14
936,Erik Richardson,Stewarttown,Costa Rica,Consumer,2022-11-13
937,Charles Lopez,Robertside,Antigua and Barbuda,Consumer,2025-06-12
938,Brenda Johnson,Allenfort,Gambia,Corporate,2026-07-10
939,Carl Rubio,Ballardfurt,Bangladesh,Consumer,2024-02-27
940,Pamela Mckay,North Mariaburgh,Tuvalu,Consumer,2024-12-12
941,Nicholas Bennett DDS,Darleneton,Guatemala,Consumer,2024-04-06
942,Sean Jones,Molinafurt,Saint Vincent and the Grenadines,Consumer,2022-10-03
943,Jennifer Johnson,Crawfordhaven,Timor-Leste,Corporate,2025-10-07
944,Heidi Morales,Charlesstad,Belize,Consumer,2021-10-02
945,Alicia Collins MD,Mooreshire,Nigeria,Home Office,2026-02-17
946,Abigail Barnes,Jennifershire,Vietnam,Corporate,2021-11-19
947,Jessica Miller,Rebeccaland,Niue,Consumer,2024-10-29
948,Andrea Lopez,East Nicholasmouth,Lebanon,Consumer,2025-06-21
949,Susan Vazquez,Colebury,Kuwait,Consumer,2024-11-06
950,Colleen Morales,Hayesmouth,Kiribati,Consumer,2025-03-20
951,Joshua Frey,East Antonio,Somalia,Corporate,2025-08-21
952,Edgar Jones,Lake Linda,Albania,Corporate,2024-08-29
953,Matthew Davis,Raymondside,Switzerland,Consumer,2023-02-17
954,Jennifer Reed,Lake Kristina,Germany,Home Office,2026-04-26
955,Joel Kelly,Jeffreytown,Wallis and Futuna,Consumer,2025-12-03
956,Jonathan Wright,North Chadfurt,United States Minor Outlying Islands,Consumer,2025-10-12
957,Sarah Moreno,Mannbury,Niue,Home Office,2021-11-19
958,James Warner,Joyceland,Togo,Consumer,2024-08-20
959,Terry Hawkins,Lake Kathrynshire,Honduras,Home Office,2024-06-19
960,Joshua Palmer,Kylestad,Maldives,Home Office,2022-07-16
961,Katherine Powers,Amymouth,Botswana,Consumer,2025-02-02
962,Spencer Lawrence,Judithburgh,British Indian Ocean Territory (Chagos Archipelago),Corporate,2025-12-08
963,Danielle Walker,South Jennamouth,Netherlands Antilles,Home Office,2023-12-30
964,Diane Rodriguez,East Kyle,Eritrea,Home Office,2024-06-15
965,John Fisher,Brownshire,Denmark,Home Office,2022-04-09
966,Allison Simpson,New Amandaberg,Ecuador,Consumer,2022-09-22
967,Susan Mcdaniel,Olsonbury,Oman,Home Office,2021-11-12
968,William Parker,Philipmouth,Guinea-Bissau,Corporate,2025-08-31
969,Susan Harrison,North Louis,Mongolia,Home Office,2022-09-29
970,Tracy Wilson,Trujillomouth,Malaysia,Home Office,2024-08-06
971,Kristina Johnson,North Amandaburgh,Sao Tome and Principe,Corporate,2026-05-24
972,Megan Armstrong,Perryberg,Martinique,Corporate,2022-06-07
973,Alexandra Todd,Lake Tonyaview,Latvia,Consumer,2022-08-16
974,Taylor Smith,Nicoleview,Senegal,Corporate,2023-03-10
975,Mary Deleon,Johnston,Dominica,Home Office,2025-04-22
976,Ronald Jones,East James,Bahamas,Corporate,2025-08-03
977,Dana Dodson,East Brenda,Saint Pierre and Miquelon,Corporate,2025-04-20
978,Aaron Smith MD,West Heiditown,Japan,Consumer,2021-07-28
979,Ricky Hamilton,Rebeccaburgh,United States Minor Outlying Islands,Home Office,2025-11-19
980,Matthew Schultz,Pollardburgh,Kenya,Consumer,2023-09-30
981,Natalie Gibson,Bradleychester,Cyprus,Corporate,2022-03-11
982,Sharon Simmons,Lake Anthonyburgh,Haiti,Consumer,2022-02-20
983,Darren Davis,East Jenniferview,French Guiana,Consumer,2024-12-16
984,Jennifer Campbell,Boydbury,Canada,Corporate,2025-01-25
985,Kendra Carter,Antonioport,Guernsey,Home Office,2025-06-14
986,Eric Chavez,Guerreroview,Iceland,Corporate,2021-12-31
987,Daniel Flynn,Myershaven,Pakistan,Corporate,2025-05-17
988,Mark Vaughn,Ericshire,Mauritania,Home Office,2022-05-20
989,Cynthia Caldwell,South Monique,Liberia,Consumer,2024-11-07
990,Frederick Bell,North Steven,Benin,Home Office,2025-12-09
991,Zachary Nelson,East Megan,Haiti,Home Office,2024-07-21
992,Charles Davis,Rebeccastad,Saudi Arabia,Corporate,2024-12-07
993,Danny Alvarez,Andreaberg,Barbados,Corporate,2024-07-13
994,David Lopez,Richardsview,Belarus,Corporate,2024-09-16
995,Dr. Joseph Kaufman DVM,West Nancy,Malawi,Consumer,2023-05-12
996,Michael Jones,Johnsonmouth,Spain,Consumer,2021-12-19
997,Nathan Stone,New Kristintown,Algeria,Corporate,2024-06-06
998,Wendy Johnson,East Mitchell,Holy See (Vatican City State),Corporate,2025-12-19
999,Bryan Harrington,Hillmouth,Lao People's Democratic Republic,Home Office,2025-02-14
1000,Alicia Thomas,Fritzland,Tajikistan,Consumer,2024-05-22
