employee_id,first_name,last_name,title,department,birth_date,hire_date,address,city,country,postal_code,phone,email,salary,performance_rating,reports_to
1,Judith,Sanchez,Operations Manager,Operations,1973-02-18,2011-12-25,181 Johnson Course,Seattle,USA,29158,989.608.3863,blakeerik@example.com,61049,3.06,
2,Eric,Bernard,Operations Executive,Operations,1988-09-16,2016-04-13,16155 Roman Stream Suite 816,Chicago,USA,10829,+1-649-359-3103,michellejames@example.com,83698,3.55,
3,Mitchell,Clark,Financial Analyst,Finance,1990-05-20,2014-04-28,192 Frank Light Suite 835,Seattle,USA,07832,505.964.1395,pwilkerson@example.com,116237,4.01,
4,Donald,Mcgee,Accountant,Finance,1975-04-13,2016-01-23,969 Cox Dam Suite 101,Mumbai,India,20534,+1-326-691-6697x8480,daniel62@example.com,86463,4.52,
5,Nancy,Baker,Operations Manager,Operations,1965-10-11,2023-11-03,148 Eric Track,Seattle,USA,21675,+1-680-595-7015,allenashley@example.org,67298,3.19,
6,Todd,Jones,Sales Representative,Sales,1971-05-21,2024-01-03,78248 Brandt Plains,Chennai,India,99495,001-234-565-7871x3315,adrianzimmerman@example.org,64898,2.74,
7,Rebecca,Heath,Support Engineer,Customer Support,1981-02-19,2012-09-13,347 Amber Stream,Manchester,UK,75348,001-773-876-3116,uowens@example.org,65108,3.84,
8,Richard,Morgan,Data Analyst,IT,1972-04-03,2012-08-02,33872 White Mountain,Toronto,Canada,33243,478-810-8013,zolson@example.org,178711,4.07,
9,Aaron,Myers,Operations Executive,Operations,1976-10-05,2018-01-01,6872 Kenneth Centers Apt. 500,London,UK,77070,388.520.8121x9136,harveyrobert@example.net,48003,4.15,
10,Leslie,Green,Support Engineer,Customer Support,2004-01-08,2020-06-13,46247 Hickman Cliffs Apt. 799,London,UK,13605,783-684-2513,samueldaniels@example.com,41619,3.45,
11,Elizabeth,Spencer,Accountant,Finance,2001-07-20,2011-09-09,41182 Campbell Fords,Vancouver,Canada,94559,634-487-4016x40052,barnold@example.net,96566,3.02,5.0
12,Charles,Ware,Operations Executive,Operations,1966-03-20,2013-06-17,059 Russell Canyon,Chicago,USA,40905,(405)433-1586x923,vjohnson@example.com,80005,4.32,3.0
13,Elizabeth,Moss,Recruiter,Human Resources,1993-07-29,2025-03-15,2160 Walker Viaduct,Vancouver,Canada,60833,(843)730-3654x145,wilsontara@example.org,90099,3.89,6.0
14,Daniel,Hamilton,Support Engineer,Customer Support,1983-08-16,2012-03-16,9816 Jonathan Station Suite 088,Seattle,USA,90528,001-735-861-5951x4846,angela36@example.net,55673,3.5,2.0
15,Kaitlin,Thompson,Finance Manager,Finance,1991-05-11,2023-01-29,8044 Russell Prairie Suite 777,Chennai,India,89056,387.521.4895,jeffrey32@example.org,115435,3.49,8.0
16,Tracey,Carr,Financial Analyst,Finance,1968-09-13,2015-09-21,6936 Ross Drive,Chennai,India,86491,001-901-463-2870x831,jcontreras@example.net,84438,4.37,7.0
17,Patricia,Salazar,Financial Analyst,Finance,1987-02-24,2024-05-27,727 Green Gateway Suite 873,Vancouver,Canada,36493,814.434.5581x223,calebrussell@example.net,116784,3.73,1.0
18,Bryan,Wall,Operations Executive,Operations,1997-04-06,2018-08-18,096 Smith Knoll Suite 668,Seattle,USA,98479,001-489-937-3467x0656,tinaferguson@example.com,96909,4.2,10.0
19,Anthony,Day,SEO Specialist,Marketing,2003-12-19,2022-11-01,2046 Lewis Islands,New York,USA,44737,001-264-564-1708x05310,maryhowell@example.org,75674,3.82,9.0
20,Elizabeth,Elliott,Operations Executive,Operations,1974-02-23,2019-08-12,4529 Kimberly Estates,Chicago,USA,41269,590-349-6631,melissa91@example.net,89676,4.71,5.0
21,Amanda,Stanley,HR Manager,Human Resources,1968-05-08,2017-06-18,506 Garcia Lake,London,UK,83808,626.728.4987x769,mariahmiller@example.com,55365,3.63,5.0
22,Steven,Bishop,Customer Success Manager,Customer Support,1982-02-25,2024-04-28,0752 Lewis Union Suite 549,Hyderabad,India,92406,980-983-1367x837,davisjeffrey@example.net,68270,4.02,3.0
23,Elizabeth,Wood,Software Engineer,IT,1982-02-11,2016-10-06,8557 Parker Fort Apt. 351,London,UK,97871,+1-623-337-4989,kennethward@example.com,148504,3.31,1.0
24,Amanda,Hill,Customer Success Manager,Customer Support,1966-07-09,2023-08-08,427 Monique Ports,New York,USA,37769,277.452.0471x1671,lisaavery@example.org,50692,2.64,10.0
25,Angela,Butler,Operations Manager,Operations,1982-06-12,2013-07-28,677 Dalton Meadow,Seattle,USA,40527,001-490-591-3341,andreamoore@example.com,98478,2.67,9.0
26,Brittney,Carter,Operations Manager,Operations,1996-03-19,2023-04-14,4713 French Road,Bangalore,India,77805,+1-636-918-3242x10249,harrisonkevin@example.com,107052,3.87,5.0
27,Amber,Kim,Data Engineer,IT,1984-01-31,2020-01-26,5940 Jeremy Spring,Toronto,Canada,75893,001-604-490-2787,fwalters@example.org,163447,3.28,6.0
28,Ricky,Morris,Sales Representative,Sales,1997-07-17,2017-06-23,56746 Shawn Island,Vancouver,Canada,33583,916-280-8760x38597,josephanderson@example.com,54725,2.66,1.0
29,Helen,Martinez,Sales Representative,Sales,1995-05-16,2026-07-17,248 Andrea Course,Bangalore,India,29952,971-927-4846,stephenthomas@example.org,86389,4.08,4.0
30,Natasha,Shields,Customer Success Manager,Customer Support,2000-02-22,2024-04-02,5840 Barber Villages Suite 278,Seattle,USA,63984,(858)286-7533x963,julie66@example.net,39643,3.79,5.0
31,Tammie,Martinez,Data Engineer,IT,1975-11-28,2019-12-25,71870 Robert Shoal Apt. 174,Toronto,Canada,44876,+1-561-658-6578x091,juliehamilton@example.org,164811,4.84,10.0
32,Garrett,Evans,Customer Success Manager,Customer Support,1972-05-25,2019-02-07,50455 Thomas Pines,Toronto,Canada,54509,001-922-421-9693,stevenking@example.com,61677,2.98,2.0
33,Steven,Roberts,Marketing Manager,Marketing,1966-03-13,2025-03-30,75946 Bryant Hollow,Vancouver,Canada,26612,(271)236-9594x4064,swall@example.org,75606,4.66,1.0
34,Dana,Oliver,SEO Specialist,Marketing,1989-07-13,2015-04-13,104 Johnson Lakes,Seattle,USA,96492,(714)656-2328,jonathansummers@example.com,67236,4.5,2.0
35,Monica,Brock,Finance Manager,Finance,1985-08-22,2024-04-03,23685 Krystal Bridge Suite 817,Bangalore,India,48812,+1-349-965-1370x98593,debra12@example.org,108800,2.85,3.0
36,Wendy,Wilson,Financial Analyst,Finance,1968-02-02,2016-09-25,267 Santiago Summit,Manchester,UK,91790,+1-669-226-1796,jeff73@example.com,108082,4.52,9.0
37,Michael,Winters,Operations Executive,Operations,1972-04-26,2023-03-22,64317 Elizabeth Row Apt. 053,Seattle,USA,17006,001-431-283-9335,michele22@example.net,108504,2.73,4.0
38,Greg,Guerrero,Marketing Manager,Marketing,1982-08-13,2025-02-20,05395 Grant Center,Mumbai,India,17115,001-568-211-7758x9178,stephen00@example.com,59008,4.66,1.0
39,Gina,Henry,Sales Executive,Sales,1992-11-20,2018-10-22,15921 Joshua Roads Suite 698,Mumbai,India,39153,789.961.1836x736,gperry@example.com,57380,4.82,8.0
40,Elizabeth,Brooks,Operations Manager,Operations,1994-08-07,2016-11-14,711 Christopher Court,Manchester,UK,98095,001-252-680-9885x1656,michael98@example.org,55144,2.97,4.0
41,Timothy,Boone,Operations Executive,Operations,1976-02-01,2022-09-23,514 Lindsay Vista Apt. 940,Chicago,USA,24148,345-550-2296x120,vbarnes@example.org,94019,3.28,1.0
42,Jennifer,Frank,Sales Manager,Sales,1990-09-27,2016-11-09,22901 Ramos Manors,Toronto,Canada,64157,+1-976-643-8156x149,walkertracey@example.org,45250,4.63,2.0
43,Kevin,Clark,Support Engineer,Customer Support,1966-01-30,2015-01-13,4510 Burgess Extensions,Chicago,USA,17433,(783)888-5160x6071,amckinney@example.com,61461,2.8,10.0
44,Andrew,Nguyen,Software Engineer,IT,1973-05-24,2018-06-12,516 John Radial Suite 816,Hyderabad,India,41169,001-453-552-1818x8355,thomasjames@example.net,124948,4.14,10.0
45,Katherine,Jones,Finance Manager,Finance,1975-12-17,2024-06-27,9979 Lin Road Suite 271,Manchester,UK,61963,244.790.5814x770,chase19@example.net,91180,3.1,7.0
46,Steven,Spencer,Marketing Manager,Marketing,2000-01-24,2018-02-05,9359 Mason Circle,Chennai,India,59551,451-782-0377,samantha66@example.com,94274,4.84,1.0
47,Crystal,Cook,Sales Manager,Sales,1969-02-13,2024-12-25,86449 Mathew Prairie Apt. 546,Toronto,Canada,17402,+1-214-786-5281x685,henry35@example.com,53969,3.76,3.0
48,Zoe,Moore,Accountant,Finance,1978-08-16,2015-05-30,88805 Carla Drives Apt. 292,London,UK,95027,606.953.7947x383,michealvalentine@example.com,87353,2.89,9.0
49,Juan,Reyes,Operations Manager,Operations,1996-12-22,2024-08-24,39240 Sawyer Plaza Apt. 814,London,UK,11494,001-824-778-2613x75060,paulmiller@example.org,106063,4.16,3.0
50,Sarah,Combs,Sales Manager,Sales,1967-06-23,2016-12-23,20472 West Avenue Apt. 043,London,UK,20098,+1-298-561-4341,nfowler@example.com,76256,2.89,5.0
51,Mary,Porter,Finance Manager,Finance,1969-10-31,2013-06-10,893 Kelly Alley,Chennai,India,81085,(239)862-1851x888,ywilliams@example.com,84600,3.76,5.0
52,Allen,Kramer,Operations Manager,Operations,1982-10-26,2024-04-08,19520 Payne Via Apt. 772,Seattle,USA,18176,670-843-0305,wking@example.net,99352,3.19,1.0
53,Michael,Norman,Operations Manager,Operations,1978-07-24,2016-06-03,1566 Kline Lights Suite 277,London,UK,48649,641.661.6928x45115,bmorrison@example.org,55589,4.35,9.0
54,Sergio,Acosta,Sales Representative,Sales,1995-10-07,2017-07-15,640 Emily Lodge Suite 820,Toronto,Canada,19215,+1-470-921-3556x909,nathan19@example.org,85286,4.76,9.0
55,Raymond,Banks,Data Engineer,IT,2001-08-02,2017-10-19,02786 Jose Green,New York,USA,92780,339.747.3121x727,jenna88@example.com,126333,2.82,5.0
56,Eric,Mckinney,HR Executive,Human Resources,1985-12-20,2026-01-15,8313 Joel Park,London,UK,03946,(989)857-8291x146,emorrow@example.org,89699,3.12,2.0
57,Charles,Owens,Data Engineer,IT,1987-02-17,2022-06-26,89226 Marie Path Apt. 422,Manchester,UK,42792,001-335-484-1438x424,georgeweber@example.net,101029,4.66,3.0
58,Sandra,Williams,Finance Manager,Finance,1988-07-13,2025-11-21,09439 Montgomery Burgs,Toronto,Canada,65779,+1-884-947-3647x1027,mharris@example.org,93540,4.46,7.0
59,Jennifer,Gross,Finance Manager,Finance,1986-10-30,2026-03-19,2588 Luis Mountain Apt. 473,Chennai,India,18966,704-569-6325,tyronerobertson@example.com,64168,3.46,1.0
60,Andrew,Landry,Accountant,Finance,1986-07-21,2020-01-07,39500 Simpson Ville Suite 480,Toronto,Canada,14590,(624)356-5060x98358,wgordon@example.net,95830,3.26,4.0
61,Veronica,Becker,Operations Executive,Operations,1984-08-04,2025-08-06,16558 Fischer Flat,Hyderabad,India,79467,468.700.0257x87298,francisco94@example.net,71113,3.32,2.0
62,Maria,Patel,Operations Manager,Operations,1988-06-12,2020-03-09,0551 Silva Underpass Apt. 974,Manchester,UK,86430,001-399-530-9728x96230,alexanderrobert@example.com,89532,4.95,9.0
63,Warren,Carr,Sales Executive,Sales,1979-06-07,2018-07-15,028 Ann Shore Suite 865,London,UK,23200,685.585.4973x348,kellie37@example.com,51702,3.95,5.0
64,Ann,Michael,Cloud Engineer,IT,1998-03-17,2017-06-28,1986 Cardenas Trail Apt. 404,Seattle,USA,94104,657-447-3384,gilbertbrenda@example.org,115309,4.32,6.0
65,Rebecca,Perez,SEO Specialist,Marketing,1969-01-04,2022-12-14,16571 Adam Plaza,Toronto,Canada,21202,(877)434-5401x93802,osbornrandy@example.com,57457,3.14,7.0
66,Suzanne,Howe,Support Engineer,Customer Support,1978-03-27,2024-04-19,49915 Gibson Row,Chicago,USA,71712,772.687.4315x27420,gregorychase@example.com,58869,3.58,6.0
67,Mark,Morales,Operations Manager,Operations,1994-08-30,2020-04-27,27530 Reyes Mission,London,UK,99297,654-499-0453x017,tparks@example.com,78234,3.27,7.0
68,Sabrina,Phillips,Operations Manager,Operations,1973-07-19,2022-06-03,27279 Perry Plaza,Manchester,UK,62213,001-583-439-1878x51910,markmeyer@example.org,81333,2.82,7.0
69,Brandy,Davis,Data Analyst,IT,1979-07-15,2023-10-02,72867 Angelica Spring Suite 064,Toronto,Canada,00896,001-639-810-6518x0170,kaylacannon@example.net,123225,3.87,1.0
70,Victoria,Reyes,Accountant,Finance,1994-03-01,2017-12-04,1825 Gregory Plain Suite 823,Manchester,UK,00956,001-504-378-6863x37524,pachecorobert@example.org,92237,3.66,8.0
71,Carlos,Wheeler,Support Engineer,Customer Support,1981-12-07,2015-01-23,030 Gonzales Plains Apt. 028,Mumbai,India,38415,595.899.5342,joshua89@example.net,40557,3.21,10.0
72,Erika,Peters,Support Engineer,Customer Support,1977-06-22,2022-03-16,6856 Hernandez Lane,London,UK,24602,001-487-833-4270x86688,jonathanrivera@example.org,55343,3.06,4.0
73,Nathan,Nichols,Sales Representative,Sales,1996-03-01,2025-12-19,46990 Jacob Trace,Hyderabad,India,77516,001-583-873-5403x3173,andrearowe@example.com,71138,4.03,2.0
74,Deborah,Parker,Operations Executive,Operations,1997-04-14,2020-08-19,771 Gill Island Apt. 556,Vancouver,Canada,06493,001-632-404-8996,markjames@example.org,92077,4.24,8.0
75,Diamond,Cohen,Finance Manager,Finance,1999-07-15,2020-12-03,7725 Donald Plains Suite 280,Toronto,Canada,69175,2105062312,nbrooks@example.net,50726,4.73,2.0
76,Tony,Smith,Finance Manager,Finance,1998-06-10,2022-10-09,08484 Wayne Square Suite 211,Toronto,Canada,69233,(333)798-4546,pstevens@example.net,117889,3.66,9.0
77,Gabriella,Abbott,Marketing Executive,Marketing,1980-12-04,2016-08-28,66687 Dana Squares,Hyderabad,India,22964,576-959-1803,brandon14@example.net,75450,4.17,9.0
78,Antonio,Mcfarland,Cloud Engineer,IT,2003-11-27,2022-10-02,39261 Martin Garden Suite 856,Manchester,UK,99540,001-821-785-0163x1599,walterskristen@example.com,178864,4.77,8.0
79,Michael,Pugh,Marketing Manager,Marketing,1998-12-11,2015-06-09,96194 Jennifer Corner Suite 262,Mumbai,India,97449,(455)811-0475x4121,ghawkins@example.com,94268,3.12,5.0
80,Christopher,Spencer,HR Manager,Human Resources,1972-08-02,2012-01-02,0466 Jenny Points Apt. 982,Toronto,Canada,90326,(622)944-4721x2646,wardsheryl@example.net,50077,4.28,4.0
81,Christina,Ellis,Recruiter,Human Resources,1999-04-19,2021-08-28,0659 Brock Isle,Manchester,UK,58201,969-524-5937x52654,nicholas65@example.org,50280,2.85,4.0
82,Brittany,Gardner,Operations Executive,Operations,2003-12-05,2014-12-15,737 Guerra Cliff,Toronto,Canada,54128,+1-872-843-4266x17979,gibbsmichael@example.net,49209,3.54,6.0
83,Kayla,Sandoval,Sales Representative,Sales,1971-05-05,2013-06-01,90965 Rodriguez Courts Suite 388,Vancouver,Canada,73638,001-493-775-6798,webbkenneth@example.org,67534,3.47,10.0
84,Shelia,Thomas,Marketing Manager,Marketing,1973-06-15,2025-09-12,7387 Alvarez Mill Suite 514,Chicago,USA,06357,001-810-951-2382x825,laurensoto@example.org,45386,4.86,5.0
85,Anthony,Mendez,Data Engineer,IT,1994-12-18,2018-04-15,9660 Jamie Terrace,Vancouver,Canada,92744,391-682-5537,orose@example.com,133993,3.05,7.0
86,Philip,Wilson,Marketing Manager,Marketing,1992-01-02,2021-12-15,9249 Emily Island Apt. 341,Toronto,Canada,24493,(428)466-9296x627,lroberts@example.com,88835,4.2,7.0
87,Brian,Howard,Finance Manager,Finance,1996-03-31,2022-02-03,2368 Ortiz Overpass,Mumbai,India,54978,001-677-421-9034x043,xcunningham@example.com,53534,4.77,10.0
88,Daniel,Wilson,Operations Manager,Operations,2002-12-19,2020-03-31,078 Veronica Cove Apt. 407,Seattle,USA,34948,(417)513-3959x629,lindahudson@example.net,53893,4.67,3.0
89,Amber,Morris,Marketing Manager,Marketing,1984-09-07,2021-09-16,9481 Sydney Turnpike Suite 042,New York,USA,92438,(632)853-6729,ohayes@example.org,58871,3.64,6.0
90,Kara,Neal,Customer Success Manager,Customer Support,1992-12-20,2020-04-29,7590 Jessica Mount Suite 186,Vancouver,Canada,29052,(237)345-4589x29750,ksmith@example.com,51532,4.59,8.0
91,Victoria,Patterson,Software Engineer,IT,1996-08-15,2011-07-27,424 Diamond Glen,Chicago,USA,11304,(320)464-3611x037,aprilwallace@example.org,115870,3.06,2.0
92,David,Dalton,Financial Analyst,Finance,1988-12-08,2025-06-16,1361 Dakota Land,Seattle,USA,39724,(462)921-8909,jennifer26@example.net,52671,4.05,4.0
93,Jeff,Mosley,Operations Executive,Operations,1995-08-30,2026-03-09,96565 John Rue,Mumbai,India,11543,589.899.4043,debbie37@example.com,81960,4.87,8.0
94,Victor,Wheeler,Finance Manager,Finance,1973-03-25,2015-08-29,5269 Diaz Springs,Manchester,UK,23146,001-871-809-1043x00684,imiller@example.net,65012,4.44,3.0
95,Christopher,Miller,Software Engineer,IT,1975-12-12,2016-04-11,85691 Hale Stream,London,UK,31779,6314617990,smithderrick@example.org,110888,3.94,7.0
96,Stephanie,Mills,Sales Manager,Sales,1976-09-15,2020-01-01,52410 Roman Groves Apt. 491,Toronto,Canada,65532,385.507.9252x419,williamsmichelle@example.org,85260,4.58,4.0
97,Michael,Mora,Customer Success Manager,Customer Support,1968-09-07,2019-08-01,86353 Moon Island,Chicago,USA,36055,295-818-0238,wileymichelle@example.com,42933,4.49,10.0
98,Angela,Smith,Cloud Engineer,IT,1987-10-31,2013-01-09,9493 Richardson Park,New York,USA,26115,001-883-620-6038x5050,harristonya@example.com,156706,3.43,9.0
99,Teresa,Thomas,Customer Success Manager,Customer Support,1999-01-15,2012-07-29,03865 Villegas Corner Apt. 826,London,UK,10309,001-890-762-3445,shawn31@example.org,67125,2.76,6.0
100,Kayla,Rodriguez,Marketing Executive,Marketing,1974-10-27,2024-10-28,77561 Oconnell Fords,Toronto,Canada,59734,574-711-2490x3521,rpalmer@example.com,93090,3.8,5.0
101,Vicki,Johnson,SEO Specialist,Marketing,1983-04-06,2025-07-04,8831 Garcia Underpass Apt. 100,Vancouver,Canada,29636,(236)351-9941,rachelramos@example.org,83828,3.17,4.0
102,Maria,Rivera,Marketing Executive,Marketing,1971-10-26,2025-12-20,0296 Crawford Light,New York,USA,90051,(625)932-4472x09993,eandrade@example.org,94183,3.66,10.0
103,Patrick,Barnes,Sales Executive,Sales,1971-07-12,2016-04-25,806 Castillo Tunnel,Vancouver,Canada,64028,(698)256-4205x930,xmoreno@example.net,61300,2.95,4.0
104,Craig,Sandoval,HR Manager,Human Resources,1981-05-25,2014-04-09,039 Kelly Villages Apt. 239,Manchester,UK,42182,001-459-905-9929x3784,davisjesse@example.org,84069,4.25,5.0
105,Timothy,Rivera,Financial Analyst,Finance,1966-11-30,2020-07-06,52500 Brenda Divide,Chicago,USA,15039,751.456.9154x52267,jeffrey92@example.com,81635,4.3,8.0
106,Haley,Anderson,Operations Manager,Operations,1986-06-09,2024-01-16,969 Ian Island,Mumbai,India,80635,791.472.5135,underwoodelizabeth@example.net,74371,4.48,2.0
107,Alexander,Clark,SEO Specialist,Marketing,1988-05-28,2019-02-26,4100 Kim Manor,London,UK,22303,(676)258-6179x32710,jose11@example.com,60945,3.27,10.0
108,Eugene,Jones,Data Analyst,IT,1977-02-17,2017-12-11,9970 Dunlap Expressway,Manchester,UK,80103,(320)215-3368x84443,farmstrong@example.org,125771,4.99,9.0
109,Adam,Miller,Operations Manager,Operations,1969-04-07,2017-09-11,10324 Thomas Crescent Suite 677,Manchester,UK,87144,918-962-5652x704,jeremy49@example.org,62754,3.27,4.0
110,Heather,Davis,Accountant,Finance,1975-11-04,2024-05-09,693 Mary Viaduct Suite 879,Chicago,USA,31387,441.460.8989x9217,lindseymartinez@example.com,65670,4.36,3.0
111,Ryan,Osborn,Operations Manager,Operations,1970-11-21,2023-03-06,451 Paul Locks,Bangalore,India,72859,348-370-9986x16229,floydmikayla@example.com,63120,4.31,9.0
112,Patrick,Washington,Support Engineer,Customer Support,1993-07-08,2016-01-19,24629 Williams Isle Apt. 074,London,UK,49317,6549447132,joseph69@example.net,54414,3.07,3.0
113,Scott,Mcintyre,Operations Executive,Operations,1971-08-20,2014-10-02,785 Zachary Estate Apt. 486,London,UK,18280,001-689-702-3303x07053,owagner@example.org,62977,2.61,1.0
114,Nathan,Wheeler,Operations Manager,Operations,1967-08-21,2015-09-03,9855 Mary Green,London,UK,98668,001-614-806-0293x333,hancocktammy@example.net,51723,4.68,10.0
115,Rhonda,Holland,Marketing Manager,Marketing,1966-03-01,2019-08-15,49446 York Mount,Manchester,UK,33530,774.689.6910,gabrielle71@example.com,67328,2.96,1.0
116,Mark,Hill,Sales Representative,Sales,1984-05-16,2022-06-15,28309 Guerrero Springs Apt. 074,Manchester,UK,34504,(466)409-9353x87584,connor24@example.net,66260,3.73,10.0
117,Rita,Arroyo,Finance Manager,Finance,2003-08-07,2024-07-14,135 Julie Inlet Suite 554,Seattle,USA,77252,871-670-9991x7381,jbrown@example.org,89824,2.71,4.0
118,Robert,Hudson,Customer Success Manager,Customer Support,1979-03-10,2017-05-21,52175 Lawrence Centers Apt. 743,Chicago,USA,22600,001-827-912-9666,ismith@example.org,49790,4.44,7.0
119,Patricia,Sherman,Recruiter,Human Resources,1990-12-12,2011-10-18,03354 Curtis Parkway,Vancouver,Canada,77659,721-904-4789x8562,karen26@example.org,73103,3.26,10.0
120,Jessica,Anderson,Operations Executive,Operations,1981-02-06,2015-05-16,821 Dawson Turnpike,Chicago,USA,05398,(848)390-9010x0167,thomas23@example.net,107101,4.41,4.0
121,Robert,Garcia,Financial Analyst,Finance,1966-03-11,2016-09-05,926 William River Apt. 411,London,UK,65740,493.248.3564,slozano@example.com,72782,3.88,3.0
122,Aaron,Powers,SEO Specialist,Marketing,1988-01-21,2015-07-19,721 Jennifer Courts,New York,USA,34041,+1-837-344-7012x0455,yorkpamela@example.org,83916,3.67,1.0
123,Deborah,Murphy,Operations Manager,Operations,1974-12-22,2022-11-03,415 White Locks Suite 746,Chennai,India,90927,462.812.0216x9797,cheryl27@example.com,91070,4.65,2.0
124,Scott,Brown,Support Engineer,Customer Support,1973-03-30,2018-07-21,89935 Ryan Stream Apt. 756,Chennai,India,19985,+1-390-902-8772,john40@example.net,62861,2.79,4.0
125,Dawn,Powell,Support Engineer,Customer Support,1980-09-17,2020-12-02,77971 West Crest,Chennai,India,65692,001-501-966-0880x1994,michael03@example.com,39679,2.65,5.0
126,Katrina,Greene,Sales Executive,Sales,1988-02-24,2021-01-31,711 Aaron Knoll Suite 885,Manchester,UK,92526,502-572-6149,conradphilip@example.com,85133,3.26,7.0
127,Matthew,Sherman,Marketing Executive,Marketing,1978-07-11,2023-10-01,917 Barrett Parkways,Manchester,UK,18148,308.808.6978x2922,william66@example.net,84192,2.6,7.0
128,Raymond,Cooper,Sales Representative,Sales,1982-06-14,2016-03-18,2269 Cameron Plaza Suite 833,Manchester,UK,27988,+1-845-622-8851x587,hstokes@example.org,55002,4.9,10.0
129,Dustin,Santiago,Customer Success Manager,Customer Support,1967-04-12,2018-01-13,2442 Hannah Hill,Chicago,USA,27239,001-280-857-1983x86384,ybutler@example.net,37636,4.41,3.0
130,Brian,Manning,HR Executive,Human Resources,1986-11-01,2020-12-12,735 Kimberly Fields,Vancouver,Canada,39059,621.422.8160x648,brandyscott@example.com,83360,3.59,8.0
131,Sharon,Williams,HR Manager,Human Resources,1997-04-16,2023-08-18,094 Tyler Plaza Suite 158,New York,USA,29331,(381)782-6886,nicolealvarado@example.com,66843,3.3,2.0
132,Jeffery,Goodwin,SEO Specialist,Marketing,1990-02-09,2016-07-20,015 Allen Row Apt. 056,Chennai,India,15361,(548)740-8588x7704,vaughangary@example.net,77471,3.22,7.0
133,Courtney,Clark,Sales Executive,Sales,2001-11-03,2011-09-06,613 Lucas Cliffs,New York,USA,98397,+1-520-675-0110x24819,ohughes@example.com,56541,3.31,7.0
134,Andre,Nunez,Customer Success Manager,Customer Support,1995-01-09,2016-12-09,919 Jaclyn Cliffs,Chicago,USA,47385,514.449.1476x60728,irobles@example.com,62082,2.64,9.0
135,Erica,Sloan,Operations Manager,Operations,1975-05-13,2016-08-17,88210 Ashley Lock Apt. 435,Manchester,UK,28253,(982)322-3943x12908,emily41@example.org,94806,2.63,5.0
136,Michael,Lambert,SEO Specialist,Marketing,1998-09-17,2017-03-08,49135 Hayes Ridges,Chennai,India,86932,892-699-5562x0533,dennis57@example.com,76766,2.8,10.0
137,Kim,Tucker,Recruiter,Human Resources,1995-11-12,2017-08-29,91428 Jose Road,Bangalore,India,10523,001-910-480-9969x3084,philip94@example.org,45896,3.88,2.0
138,William,Sanders,Marketing Executive,Marketing,1997-03-07,2020-01-30,392 Sean Fall,Hyderabad,India,74734,001-627-750-3731,bradclark@example.com,87448,4.58,8.0
139,Samantha,Keith,Marketing Manager,Marketing,1991-12-20,2019-07-19,518 Davenport Greens,Manchester,UK,76343,+1-692-866-5918,zacharygomez@example.com,75947,3.11,9.0
140,Timothy,Munoz,Finance Manager,Finance,1998-09-09,2025-01-15,2318 Lewis Ferry,Mumbai,India,21126,(491)836-5177x739,sanchezdavid@example.net,116616,4.37,3.0
141,Crystal,Williams,Customer Success Manager,Customer Support,1976-07-09,2013-11-06,24286 Natalie Stream,New York,USA,87237,413-679-7723x6929,jennifercooper@example.com,57274,4.84,9.0
142,Nicholas,Anderson,Recruiter,Human Resources,1970-03-30,2015-06-20,88629 Gregory Ridges,London,UK,79119,2888117298,cwood@example.net,64566,4.59,10.0
143,Jerome,Lang,SEO Specialist,Marketing,2001-08-11,2018-11-08,9916 Jonathan Trafficway Apt. 149,Toronto,Canada,71768,(743)300-9818x06356,ronaldrichards@example.com,76741,3.36,9.0
144,Annette,Carr,HR Executive,Human Resources,2002-01-14,2018-10-05,68872 Hansen Orchard Suite 495,Vancouver,Canada,92971,(221)437-2138x6589,aoconnell@example.org,90711,3.1,7.0
145,Sara,Graham,Sales Executive,Sales,1975-06-13,2019-07-31,3519 Jenny Locks,Mumbai,India,80974,+1-284-590-2770x3843,emilyward@example.net,88804,3.68,7.0
146,Christopher,Hill,Marketing Executive,Marketing,1965-07-30,2014-03-27,6693 Jillian Cliff Apt. 848,Toronto,Canada,76907,(854)339-3769x042,gordonmatthew@example.org,53273,3.76,10.0
147,Nancy,Li,Customer Success Manager,Customer Support,2000-06-26,2015-12-10,769 Carrillo Throughway Suite 779,London,UK,04085,614.516.3356x5880,christopher51@example.net,41534,3.81,8.0
148,Lee,Robinson,Accountant,Finance,1977-09-14,2019-08-31,37333 Clark Flats Apt. 952,Chicago,USA,14484,717-990-8075,travis84@example.com,70232,2.69,5.0
149,Barbara,Brown,Operations Executive,Operations,1980-09-02,2024-04-26,8085 Dalton Trail Apt. 718,Manchester,UK,60803,500-636-9155x94284,vmullen@example.com,100821,3.32,9.0
150,Rodney,Barnes,Operations Manager,Operations,1978-01-27,2020-01-16,6472 Tiffany Spur Apt. 143,Vancouver,Canada,73290,(963)622-7026x72885,anna90@example.com,102172,3.85,10.0
151,Frank,Lewis,Operations Manager,Operations,1972-04-17,2023-04-21,1754 Ward Point Suite 506,Seattle,USA,16391,(993)399-8245x587,daustin@example.net,59908,4.37,7.0
152,Gary,Morton,Operations Executive,Operations,1975-06-01,2026-04-30,9961 Fernando Forks Suite 544,Chicago,USA,79850,+1-564-675-9876x2202,clarkrandy@example.org,74076,2.92,5.0
153,Thomas,Brown,HR Executive,Human Resources,1969-11-24,2026-07-03,114 Christopher Loaf Suite 334,Seattle,USA,58586,+1-922-482-0055x7784,brittanybryant@example.net,64226,3.4,7.0
154,Alexandra,Fowler,Cloud Engineer,IT,2003-12-08,2018-12-15,7831 Parker Loop Suite 240,Bangalore,India,00513,525.247.8077x40649,jacob86@example.com,144177,4.2,3.0
155,Jennifer,Brewer,Sales Manager,Sales,1982-07-25,2014-05-02,41638 Mitchell Summit Suite 631,Bangalore,India,24409,(541)779-7497,hernandeztara@example.org,65070,4.05,4.0
156,Julian,Martinez,Accountant,Finance,1978-03-18,2013-04-18,031 Alexis Forge Suite 647,Toronto,Canada,49180,505.612.0461x872,hclayton@example.net,83289,3.65,1.0
157,Kelsey,Ramos,Operations Executive,Operations,1982-07-01,2018-02-07,71837 Maldonado Inlet,Vancouver,Canada,42845,(708)281-4743,teresayoung@example.com,49840,3.6,6.0
158,Gary,Hill,Operations Manager,Operations,1987-08-22,2011-10-24,3009 Barker Drives,Manchester,UK,49180,001-413-927-1950x05281,levigrant@example.net,74939,4.61,4.0
159,Patricia,Quinn,Sales Representative,Sales,1989-03-11,2025-04-05,652 Roach Oval,Vancouver,Canada,93119,684.487.3928x557,schmidtshannon@example.com,64993,3.93,10.0
160,Shawn,Parsons,Sales Manager,Sales,2002-05-31,2017-10-20,209 Parsons Garden Suite 186,Manchester,UK,25387,478.429.4565x11810,harristodd@example.org,65939,3.19,10.0
161,Darlene,Price,Operations Manager,Operations,1967-09-21,2021-04-09,994 Michael Rest Apt. 037,Chicago,USA,10981,605.386.5094x801,susandavis@example.net,99580,4.76,5.0
162,Paul,Lee,Finance Manager,Finance,1981-04-11,2020-08-07,288 Reese Trafficway,Chennai,India,84206,001-757-461-2286,umahoney@example.net,74920,4.05,3.0
163,Nathan,Duran,Operations Executive,Operations,1987-08-26,2025-12-05,593 Nicholas Plaza Suite 577,Chicago,USA,52548,6045908240,melissasmith@example.net,65246,4.47,1.0
164,William,Duncan,Sales Executive,Sales,1984-05-02,2020-12-22,07522 Richardson Prairie,London,UK,33250,744.919.6931,tracynolan@example.net,61411,4.37,3.0
165,Dawn,Johnson,Customer Success Manager,Customer Support,1972-01-18,2021-09-06,05566 Molly Forks Apt. 604,Bangalore,India,69232,2588925832,kmullins@example.net,69789,3.75,5.0
166,Ryan,Hartman,Customer Success Manager,Customer Support,1971-09-09,2015-05-02,51790 Baker Locks,Chennai,India,66275,(522)378-3769x38983,kimberly59@example.org,54342,4.37,6.0
167,Robert,Diaz,Sales Representative,Sales,1973-03-19,2022-12-26,5904 Vanessa Ridges,New York,USA,58462,+1-427-603-3521x103,cooperlinda@example.com,89424,4.92,7.0
168,Andrew,Clark,Customer Success Manager,Customer Support,1996-03-08,2019-07-28,88487 Heather Skyway,London,UK,02911,(298)304-2043x9407,qguerrero@example.net,35912,3.16,2.0
169,Daniel,Carter,Operations Manager,Operations,1990-01-26,2026-04-05,68157 Jacob Parkway Suite 800,Vancouver,Canada,32927,245.676.2055x54384,bzamora@example.net,83309,3.45,6.0
170,Edward,Prince,Accountant,Finance,1984-08-16,2015-05-24,68936 Ashley Meadow,Chicago,USA,41445,+1-457-882-3298x324,dianacunningham@example.org,53280,4.05,9.0
171,Angela,Fry,Operations Executive,Operations,1987-03-01,2012-09-16,52056 Turner Summit,London,UK,83973,001-542-531-2209x9499,gracehoward@example.net,86641,4.56,5.0
172,Wayne,Jacobs,Financial Analyst,Finance,1997-12-28,2013-11-02,67722 Jeremy Lodge Apt. 463,Toronto,Canada,97804,+1-833-712-7975x73660,vcarr@example.net,54877,3.26,8.0
173,Danielle,Padilla,Finance Manager,Finance,2002-01-16,2020-06-28,177 Natalie Gardens,Seattle,USA,68488,+1-960-886-8034,kim47@example.org,67781,3.47,6.0
174,Christie,Brown,SEO Specialist,Marketing,1994-04-22,2016-07-25,7181 Kimberly Square,Toronto,Canada,72119,(566)957-0279,wrightheather@example.net,51489,4.58,10.0
175,Jessica,Davis,Sales Manager,Sales,1976-09-19,2023-10-11,518 Acosta Pass Apt. 686,Vancouver,Canada,06255,001-425-392-2220x64474,susansmith@example.com,64283,3.04,8.0
176,Tyler,Jimenez,Sales Manager,Sales,1966-05-22,2019-05-11,733 Chavez Mills,Chennai,India,10908,+1-290-738-4983x022,thomasantonio@example.net,64073,3.86,6.0
177,Samantha,Williams,HR Executive,Human Resources,1985-11-12,2017-03-10,24999 Tammy Summit Suite 014,New York,USA,42813,(861)568-1472x145,cherylrodriguez@example.net,53005,4.87,8.0
178,Timothy,Barker,Finance Manager,Finance,2001-07-21,2013-01-17,9548 Ho Ridges Suite 877,Chicago,USA,24081,+1-834-230-1071x396,michael30@example.net,52799,2.63,6.0
179,Juan,Tyler,Support Engineer,Customer Support,1979-04-01,2023-04-18,8850 Gina Junctions Suite 990,Bangalore,India,23521,955.777.0272,abowers@example.net,39496,4.57,9.0
180,Adriana,Cunningham,Support Engineer,Customer Support,1969-05-15,2025-10-06,803 Marsh Underpass Suite 124,Bangalore,India,04586,868-329-9629x14504,xwiley@example.com,56532,4.44,10.0
181,Alicia,Thompson,Support Engineer,Customer Support,1986-02-24,2015-03-27,31780 Stein Drives Apt. 578,New York,USA,41180,001-252-318-2307x68104,steven01@example.net,43519,3.85,3.0
182,Becky,Collins,Support Engineer,Customer Support,1986-10-27,2011-12-09,3344 Mejia Skyway,Chicago,USA,15921,722-741-0988x138,donald49@example.org,43637,2.54,4.0
183,Larry,Mcclain,Accountant,Finance,1977-03-19,2012-10-07,20701 Brown Meadow Suite 299,London,UK,83006,001-379-954-5381x792,bryantgabrielle@example.net,56868,2.82,7.0
184,Jesse,Walker,Sales Executive,Sales,1997-03-24,2019-07-24,6255 Freeman Circles Suite 157,Chicago,USA,60956,(345)799-2816,sparksamanda@example.com,69378,4.45,9.0
185,Christine,Kelley,Data Engineer,IT,1993-09-10,2015-08-13,1539 Mueller Mews Suite 832,New York,USA,87350,+1-819-371-9975x81724,jenningscandace@example.com,150623,2.61,9.0
186,Deanna,Brown,Operations Executive,Operations,1987-11-02,2019-12-19,90227 Price Ports,Manchester,UK,59111,235.849.4651,melissabrown@example.net,48986,5.0,7.0
187,Jacqueline,Hoover,SEO Specialist,Marketing,1969-03-04,2011-07-28,40369 Garrett Station Suite 666,Toronto,Canada,71950,427.623.8656,dennisjones@example.org,74069,2.68,2.0
188,Nicole,Barrett,Sales Representative,Sales,1975-05-11,2023-10-30,26796 Shawn Manors,London,UK,72859,665.832.6909x738,arthur09@example.com,58023,4.06,10.0
189,Betty,Nixon,Data Analyst,IT,1990-08-22,2013-06-25,84781 John Roads,Manchester,UK,97715,+1-718-894-9058x07787,susan44@example.org,129469,3.76,7.0
190,Sandra,Curry,Sales Manager,Sales,1967-12-18,2023-05-19,79290 Lamb Road Apt. 471,Chicago,USA,17123,414.942.9444x01929,lindsey43@example.com,82658,4.69,9.0
191,Alison,Johnson,Marketing Executive,Marketing,1977-11-11,2025-02-26,92766 Donna Stream,Mumbai,India,84069,(939)850-4102,vturner@example.net,72119,3.35,8.0
192,Frances,Price,Operations Executive,Operations,1981-06-16,2018-01-06,86047 Gregory Pines Apt. 185,Vancouver,Canada,57096,+1-545-744-1496x739,lawrencesmith@example.org,65483,3.57,5.0
193,Robert,Fox,Operations Manager,Operations,1970-03-07,2011-10-05,3443 Andrew Course Apt. 939,London,UK,84135,411-692-6921,steven17@example.com,49399,2.73,2.0
194,Rebecca,Carrillo,Sales Manager,Sales,1994-08-12,2023-05-02,2140 Price Circle Suite 427,New York,USA,09597,939.662.7128x6391,johnsonchad@example.net,88417,3.43,3.0
195,Sean,Mosley,Data Analyst,IT,1982-08-11,2024-10-11,006 Hernandez Isle,Chicago,USA,51793,001-508-277-6618,xfinley@example.com,157819,2.81,6.0
196,Amanda,Frey,Recruiter,Human Resources,1973-10-21,2021-03-16,460 Michael Walk Suite 174,Toronto,Canada,85408,728.906.3461,mccluresamuel@example.org,65476,3.38,10.0
197,James,Cortez,Operations Manager,Operations,1975-01-30,2012-02-29,6184 Ferguson Village,Bangalore,India,59392,9054050613,sandyjohnson@example.org,59696,4.62,6.0
198,Andrew,Meadows,Customer Success Manager,Customer Support,1998-10-29,2022-09-05,20204 Stephen Extension,London,UK,77970,811-779-9313,rnguyen@example.net,49821,4.52,9.0
199,Marc,Oconnell,Operations Manager,Operations,2002-09-15,2013-11-22,92511 Thomas Mall,Chicago,USA,22527,001-458-227-3902x196,amiller@example.org,46897,2.95,5.0
200,Denise,Eaton,Sales Representative,Sales,1971-08-16,2023-07-31,723 Danielle Pike Suite 632,Manchester,UK,80525,001-509-527-9145x608,downstiffany@example.net,49388,3.92,7.0
201,Kathleen,Fernandez,Operations Executive,Operations,1990-03-09,2026-03-26,3403 Laura Spur,Seattle,USA,62683,222.300.5436x4597,buckleygregory@example.org,51013,4.37,4.0
202,Darren,Jacobson,Marketing Manager,Marketing,1998-07-26,2020-04-25,956 Julie Islands Apt. 153,Vancouver,Canada,13354,263.863.1797,javierlynch@example.org,55315,3.43,6.0
203,Derek,Cortez,Financial Analyst,Finance,1991-12-01,2017-11-28,3520 Juan Creek Suite 762,Seattle,USA,45534,349.829.2983,natkins@example.net,56522,4.18,5.0
204,Steven,Smith,SEO Specialist,Marketing,1997-10-11,2025-10-17,335 Riley Ramp Apt. 906,Vancouver,Canada,06297,9789068671,christophermullins@example.net,73969,3.54,4.0
205,David,Phillips,Marketing Executive,Marketing,1993-03-24,2015-04-07,74279 Tiffany Mountain,New York,USA,18670,001-862-657-0165x804,kristinmiller@example.com,63562,4.2,10.0
206,Sierra,Leonard,Sales Representative,Sales,1969-04-15,2020-04-24,65790 Richardson Rue,Vancouver,Canada,73742,001-518-732-5381x793,rachael86@example.com,65903,4.96,1.0
207,Nathan,Chavez,HR Executive,Human Resources,1969-04-06,2012-08-19,8847 Marsh Square,Seattle,USA,09102,471.616.2411,terrytyler@example.org,95289,2.84,5.0
208,Andrew,Butler,Sales Representative,Sales,2000-12-27,2022-03-24,5670 Lopez Brooks,Manchester,UK,30952,456.695.5798x87749,kristinaperez@example.com,72596,4.37,3.0
209,Megan,Hernandez,Data Engineer,IT,1985-03-01,2024-08-26,2928 White Extensions Apt. 231,Mumbai,India,05894,992-474-5238x05525,david06@example.com,135570,3.9,6.0
210,Sarah,Moore,Support Engineer,Customer Support,1975-06-14,2019-05-08,474 Lauren Stream Suite 517,New York,USA,05754,(781)340-6937,brian39@example.net,63588,2.55,2.0
211,Shari,Ramirez,Cloud Engineer,IT,1980-09-03,2024-11-05,87186 Tracy Rapids,Manchester,UK,79809,905.362.6565x04554,jessicawallace@example.com,162995,4.1,5.0
212,Frank,Luna,Sales Executive,Sales,1995-09-02,2016-06-19,629 Douglas Hollow Suite 851,New York,USA,77922,001-861-606-4628x79232,twilliams@example.net,51263,4.5,10.0
213,Anita,Ford,Sales Executive,Sales,1986-03-28,2019-12-18,24471 Butler Overpass,Vancouver,Canada,90657,+1-630-914-7195x9796,brooksjessica@example.org,46937,3.11,10.0
214,Bonnie,Thomas,Marketing Manager,Marketing,1983-03-21,2014-04-29,252 Joseph Manor Suite 044,Toronto,Canada,69918,+1-718-332-1928x5544,madeline02@example.net,93877,3.35,6.0
215,Kimberly,Jenkins,Software Engineer,IT,1984-09-15,2017-11-25,32833 Robert Club,Hyderabad,India,15779,(707)454-5279,anthony13@example.org,139547,3.77,6.0
216,Jeremy,Martinez,Financial Analyst,Finance,1975-03-31,2023-04-06,61107 Williams Coves,London,UK,04799,+1-589-507-1401x40119,ellenjohnson@example.org,69194,3.14,3.0
217,Michael,Martin,Finance Manager,Finance,1984-06-07,2021-06-02,911 Allison Stravenue,Hyderabad,India,25607,428-701-3875x9271,gcoleman@example.org,114764,3.66,10.0
218,Kathleen,Edwards,Customer Success Manager,Customer Support,1993-04-17,2013-06-23,82754 Christopher Park Apt. 647,Vancouver,Canada,79195,001-247-938-6463x1752,sandersalexandra@example.net,44893,3.6,8.0
219,Douglas,Morales,Customer Success Manager,Customer Support,1971-05-05,2013-08-01,215 Matthew Ranch,Vancouver,Canada,53491,736-974-9946,garcher@example.com,38681,3.38,2.0
220,Shawn,Martinez,Marketing Executive,Marketing,1975-08-03,2024-08-15,3201 Maria Parks Apt. 269,Manchester,UK,89525,624-799-1187x73477,cisnerosanthony@example.com,48728,3.42,5.0
221,Shannon,Farrell,Support Engineer,Customer Support,1973-08-31,2018-01-30,0028 Dyer Expressway Suite 624,Chicago,USA,94312,(271)897-8897x7828,troy69@example.net,68231,3.46,10.0
222,Tiffany,Flores,Support Engineer,Customer Support,1989-07-24,2024-08-05,025 Pacheco Prairie,New York,USA,04026,001-356-316-5565x03334,danny20@example.net,56071,4.01,9.0
223,Steven,Boyer,Marketing Executive,Marketing,1987-10-01,2012-03-11,0790 Gray Loaf Suite 917,Hyderabad,India,13615,001-935-378-5294x563,karlwilliams@example.net,67507,4.96,2.0
224,Jeremiah,Newton,Finance Manager,Finance,1992-11-30,2025-03-30,919 Nelson Port,Hyderabad,India,70108,863.651.4846x8536,jpowers@example.org,107377,4.98,9.0
225,Jacqueline,Huffman,HR Manager,Human Resources,1966-10-28,2022-03-28,74896 Alexa Lakes Suite 232,Chennai,India,98337,+1-846-565-1364x42493,hernandezanthony@example.com,70389,3.52,6.0
226,Anita,Graham,Operations Manager,Operations,1997-02-21,2019-10-25,24204 Hopkins Fall,Chicago,USA,84949,8707015941,sandersmary@example.org,49319,3.32,9.0
227,Ashley,Mason,Recruiter,Human Resources,1981-08-14,2013-06-17,984 Wilkerson Freeway,Vancouver,Canada,79120,355-496-3632,taragonzales@example.com,88028,4.91,10.0
228,Amanda,Lyons,Sales Manager,Sales,1969-05-13,2019-11-24,8673 Suarez Drive,Chennai,India,48079,354.509.0034x8645,zprice@example.com,83490,2.85,6.0
229,Sharon,Sherman,Finance Manager,Finance,1986-01-12,2013-02-02,27560 Delacruz View Suite 765,Manchester,UK,94530,(412)948-1569x85700,aarongonzalez@example.com,61104,3.27,7.0
230,Christopher,Moore,Operations Executive,Operations,1986-11-27,2021-05-08,657 Russo Dale,London,UK,34668,(895)843-1652,andrewjohnson@example.net,87337,4.18,9.0
231,Terri,Gonzalez,HR Manager,Human Resources,1981-02-13,2013-01-25,69694 Christopher Land,London,UK,22799,001-510-586-7713,keith76@example.org,56813,4.88,6.0
232,Jamie,Lewis,Financial Analyst,Finance,1994-11-28,2026-02-15,362 Sparks Burgs Suite 439,Toronto,Canada,59611,859.571.0725,verickson@example.net,70308,2.69,2.0
233,Cody,Brown,Recruiter,Human Resources,1982-12-29,2012-10-18,75990 Jon River Suite 465,Chicago,USA,17833,+1-909-424-2875,stewartalyssa@example.org,53588,3.99,3.0
234,Lawrence,Good,Support Engineer,Customer Support,1983-04-12,2013-07-18,5644 Black Mews Apt. 572,Bangalore,India,73334,+1-370-932-0320x74276,alexandervanessa@example.net,63683,2.61,6.0
235,Trevor,Singleton,Data Analyst,IT,1998-07-29,2019-05-06,51342 Karen View,Mumbai,India,36256,001-393-590-8926,vrhodes@example.org,168617,4.37,8.0
236,Tina,Martinez,HR Manager,Human Resources,1984-11-25,2023-02-23,152 Christopher Village Suite 749,Bangalore,India,86747,2506975923,lauren18@example.net,99729,2.99,10.0
237,Raymond,Thompson,Customer Success Manager,Customer Support,1991-07-06,2013-02-17,03266 Holland Shoal Apt. 147,Vancouver,Canada,57171,001-649-825-1583x7767,avilalisa@example.net,60026,3.76,7.0
238,Crystal,Davis,Support Engineer,Customer Support,1978-03-28,2018-12-10,3278 Kelly Mews Apt. 742,Bangalore,India,17250,+1-843-886-4908x10818,marshalljennifer@example.com,51384,2.63,8.0
239,Brenda,Mack,Operations Executive,Operations,1989-09-29,2015-11-22,72260 Robert Squares,London,UK,39514,897-279-4523x21941,fosteralexander@example.net,63681,2.71,3.0
240,Heather,Melton,Data Engineer,IT,1998-01-09,2019-05-21,9956 Miller Dale Apt. 310,Manchester,UK,91731,303.672.3683,bhernandez@example.org,178926,3.59,4.0
241,Rachel,Rodgers,Sales Executive,Sales,1973-06-25,2014-05-20,7079 James Port Suite 050,Vancouver,Canada,13957,+1-966-579-9840x7678,ricerobert@example.com,43490,3.49,6.0
242,Joseph,Wong,Sales Executive,Sales,2003-03-17,2012-08-20,79576 Evan Stream Apt. 757,Mumbai,India,30923,539.659.7246x65729,estradadavid@example.org,54715,2.57,2.0
243,Travis,Leon,Financial Analyst,Finance,1976-03-12,2021-11-10,3380 Michael Green Suite 228,London,UK,04691,956-619-3183,kristen08@example.com,87601,4.79,8.0
244,Hannah,Robertson,SEO Specialist,Marketing,1975-11-05,2026-01-27,077 Theresa Tunnel,Mumbai,India,80529,+1-918-908-1213x524,mooremichael@example.org,45344,4.76,1.0
245,James,Montes,Support Engineer,Customer Support,1973-12-04,2025-12-28,75482 Joseph Stravenue,London,UK,99440,(253)928-6326x66785,kaylarobbins@example.net,69588,3.56,5.0
246,Matthew,Morales,Sales Representative,Sales,1970-04-17,2012-12-30,0602 Tiffany Station,Chennai,India,87055,946.568.4550x48926,zterry@example.net,55626,3.55,10.0
247,James,Turner,Sales Executive,Sales,1993-01-31,2024-09-30,562 Lewis Pass,Toronto,Canada,72824,385-220-0894x3468,jordan85@example.org,79107,3.84,9.0
248,Debra,Martinez,HR Manager,Human Resources,1968-10-21,2024-06-05,075 Linda Prairie Apt. 544,Bangalore,India,87915,001-992-368-3158x935,jenniferpoole@example.org,45102,4.04,4.0
249,Roger,Anderson,Operations Executive,Operations,1971-11-01,2012-08-12,1586 Wiggins Prairie,Toronto,Canada,65883,+1-367-576-2282x7728,vkennedy@example.org,79307,4.94,2.0
250,Sandra,Wilson,Customer Success Manager,Customer Support,2003-08-07,2017-11-02,15940 David Inlet Suite 447,New York,USA,04168,(929)260-4432,kelleycarlos@example.org,37853,4.09,6.0
251,Ashley,Knight,HR Executive,Human Resources,1993-12-21,2019-09-28,7922 Gill Shores Suite 251,London,UK,82390,+1-696-363-6580x74120,leechristine@example.net,67596,3.1,2.0
252,Aimee,Christensen,Sales Executive,Sales,1969-02-26,2021-04-04,82043 Maria Villages,London,UK,76464,418.895.6907x056,heathlogan@example.com,75783,3.35,3.0
253,Tina,Weaver,Operations Executive,Operations,1971-10-02,2013-07-04,24124 Gregory Circle Suite 200,Vancouver,Canada,39563,(515)926-5461x0339,ravery@example.org,98182,2.84,8.0
254,Angela,Jones,Financial Analyst,Finance,1987-03-22,2019-06-19,3048 John Point,New York,USA,85901,(749)467-1832,amandahenderson@example.net,76144,4.71,6.0
255,Aaron,Marshall,Customer Success Manager,Customer Support,1996-04-19,2012-04-07,200 Nelson Glen Suite 539,Manchester,UK,67390,802-589-1416x1284,nicole54@example.net,51601,2.59,4.0
256,John,Bird,Support Engineer,Customer Support,1996-05-13,2016-03-14,79502 Chelsea Avenue Apt. 268,Manchester,UK,91791,001-776-881-1807x156,marycain@example.org,56753,3.18,6.0
257,Mitchell,Lee,Operations Manager,Operations,1974-01-18,2019-06-06,04531 Stokes Forges,Vancouver,Canada,31205,950.447.9303x6149,donnaknight@example.net,103630,4.89,6.0
258,Cameron,Anderson,Operations Manager,Operations,2004-01-06,2014-07-17,49384 Melanie Brooks,Mumbai,India,91332,+1-989-948-7060x56641,zachary03@example.org,69074,4.81,9.0
259,Amanda,Stewart,Operations Manager,Operations,1984-06-21,2018-09-14,51903 Rosario Gateway Apt. 254,London,UK,08738,+1-710-276-0954x3173,april31@example.net,50172,3.58,3.0
260,Cody,Griffin,Sales Representative,Sales,1995-05-26,2024-07-21,00651 Bryan Unions,Manchester,UK,58424,6498611080,wdavis@example.com,61490,4.15,5.0
261,Carol,Keller,Finance Manager,Finance,1981-06-03,2026-04-07,6769 Matthew Spring,Vancouver,Canada,03905,485.693.1109x193,robert97@example.org,108183,3.38,1.0
262,Laura,Brown,Recruiter,Human Resources,1982-02-07,2013-11-24,685 Silva Plains Apt. 274,Manchester,UK,79580,545-508-9203x88065,kristenpeterson@example.net,96870,4.87,2.0
263,Heather,Mcdonald,Data Engineer,IT,1997-12-06,2023-05-18,959 Barnes Estates Apt. 707,Vancouver,Canada,29258,8335793375,alopez@example.com,74081,2.86,10.0
264,Michael,Spencer,Financial Analyst,Finance,1966-03-25,2012-10-23,7395 Theresa Flat,Toronto,Canada,26430,323-242-5832x3024,nicholascobb@example.org,80932,4.45,6.0
265,Kevin,Allen,Software Engineer,IT,1988-08-01,2015-02-18,289 Johns Circles Apt. 223,Manchester,UK,25625,+1-565-659-6309,markbrown@example.com,149310,2.88,8.0
266,William,Silva,Marketing Executive,Marketing,1974-03-01,2026-01-16,17912 Potter Rue Suite 787,Manchester,UK,23962,958-577-7496x90333,brobinson@example.com,82612,2.84,6.0
267,Selena,Brooks,Operations Manager,Operations,2004-06-09,2014-03-25,14785 Brandy Mountain,Vancouver,Canada,67644,+1-256-477-6657x546,phall@example.org,61358,4.9,1.0
268,Kelly,Shaw,Cloud Engineer,IT,1989-12-29,2012-12-16,3111 Johnson Flats,Mumbai,India,44247,654.244.3928,juan56@example.com,143619,2.79,5.0
269,Destiny,Hays,Data Analyst,IT,1966-05-14,2019-08-02,3337 Zachary Turnpike,Toronto,Canada,72933,001-777-451-5366x37780,kevinrojas@example.com,160961,4.79,8.0
270,Jeremiah,Simmons,Financial Analyst,Finance,1989-09-10,2017-05-03,845 Ashley Bypass Apt. 259,Hyderabad,India,83055,+1-399-766-3618x637,tfowler@example.org,109250,2.93,8.0
271,Emily,Thompson,Customer Success Manager,Customer Support,1977-03-22,2013-05-01,23164 Jesse Shoals Apt. 705,Chicago,USA,68465,8259662128,pricerebecca@example.org,57768,4.27,9.0
272,Jamie,Reynolds,Support Engineer,Customer Support,1974-05-26,2026-05-13,99493 Hill Avenue Apt. 716,Manchester,UK,79779,385.697.7790,treed@example.com,46409,4.48,9.0
273,Madeline,Horn,Financial Analyst,Finance,1992-03-03,2021-12-26,29676 Holly Court Suite 032,Hyderabad,India,36385,+1-784-813-7681x5118,nmartin@example.net,81029,4.48,1.0
274,Anthony,Fowler,SEO Specialist,Marketing,1968-08-05,2019-06-02,5636 Alex Crescent Apt. 577,Manchester,UK,60971,418-237-2742,thompsondavid@example.net,53504,4.03,2.0
275,Chris,Gallagher,SEO Specialist,Marketing,1992-02-26,2014-06-03,75230 Scott Causeway Apt. 647,New York,USA,07371,+1-200-263-3533x106,lori13@example.org,92111,3.7,7.0
276,Gary,Perry,Accountant,Finance,1976-12-24,2023-11-15,5839 Sarah Locks,Toronto,Canada,56584,733-215-5206,olewis@example.org,59720,3.62,9.0
277,Claire,Williams,Support Engineer,Customer Support,1984-07-04,2022-08-12,4971 Johnathan Court,London,UK,79126,562-252-5715x09976,andrewblake@example.org,43456,3.58,1.0
278,Joann,Todd,Accountant,Finance,1986-07-29,2015-07-30,25743 Nicholas Row,Chicago,USA,05469,897.652.4508,perezjessica@example.com,71581,2.9,4.0
279,Amber,Knox,Support Engineer,Customer Support,1982-01-16,2015-01-21,396 White Roads,Manchester,UK,01293,471-530-2321,williamsimmons@example.com,51423,2.99,9.0
280,Jennifer,Sanchez,Operations Manager,Operations,1986-10-02,2014-05-08,344 Faulkner Flats,London,UK,36134,915.266.2776x8962,fsimmons@example.com,85267,3.83,9.0
281,Angela,Thompson,Finance Manager,Finance,2002-02-11,2014-02-26,4746 Jones Dale Suite 323,Bangalore,India,01048,9856766656,ortizbenjamin@example.org,94252,4.61,10.0
282,Francisco,Hines,Sales Representative,Sales,1991-09-29,2021-03-06,587 Horton Run Suite 633,Seattle,USA,63117,5504249724,wilsonchristopher@example.net,82038,4.43,5.0
283,Janice,Mccann,Software Engineer,IT,1991-09-18,2018-04-28,362 King Hollow,Mumbai,India,66121,+1-469-646-1195,sarahsanders@example.com,135278,4.72,9.0
284,Lisa,Smith,Marketing Executive,Marketing,1965-12-29,2014-06-03,686 Quinn Extension,Manchester,UK,23622,(522)237-2817x932,lisalee@example.com,89891,3.52,8.0
285,Robin,Rodriguez,Sales Representative,Sales,1995-07-20,2022-03-22,41614 Matthew Prairie,Chicago,USA,31274,871.600.4090x1380,vkennedy@example.net,68809,3.54,8.0
286,Nathan,Wu,Data Engineer,IT,1994-10-13,2017-04-13,56690 Marks Valley Apt. 076,Chennai,India,95557,(909)818-4357,aaronlittle@example.com,110970,4.65,6.0
287,Michael,Williams,Accountant,Finance,1966-09-09,2022-05-04,739 Ross Ridge Apt. 567,Manchester,UK,86790,001-916-349-3289x802,marisa87@example.org,117499,3.9,6.0
288,Timothy,Fernandez,Sales Executive,Sales,1995-12-05,2013-07-10,21160 Sarah Islands,Mumbai,India,50765,001-343-747-1287x15399,vkent@example.net,69464,3.12,2.0
289,Dawn,Hoffman,SEO Specialist,Marketing,1991-07-12,2022-09-06,34141 Christopher Streets Apt. 195,New York,USA,17201,569-304-0983x66552,dsmith@example.com,72402,3.12,3.0
290,Sherri,Hood,Financial Analyst,Finance,1975-05-28,2025-06-10,729 Thomas Shores Apt. 954,Manchester,UK,66348,001-514-597-3746x052,leblanckimberly@example.com,115308,4.99,8.0
291,Tracey,Hopkins,Marketing Executive,Marketing,1992-03-21,2016-08-23,86567 Todd Lock,Vancouver,Canada,09915,444.938.6125x90472,jcarter@example.org,50901,4.86,9.0
292,Kaitlin,Moss,Finance Manager,Finance,1980-05-26,2025-03-29,9126 Shelton Extension,Toronto,Canada,07884,857-420-1859,hsanchez@example.org,96254,2.62,5.0
293,Kevin,Carlson,Recruiter,Human Resources,1992-07-19,2019-11-14,617 Hill Shoal,Vancouver,Canada,58843,(901)611-1783x099,bauerherbert@example.com,45535,4.62,7.0
294,Ashley,Garcia,Operations Manager,Operations,1995-01-25,2016-08-18,826 Phillip Viaduct,Chennai,India,70810,971.789.8131x29208,williamsbailey@example.net,95060,3.51,1.0
295,Anna,York,Data Engineer,IT,1976-07-11,2013-01-18,18458 Rodney Shoals,Toronto,Canada,00512,940.784.8729,catherine83@example.net,117516,3.88,2.0
296,Lori,Young,Customer Success Manager,Customer Support,1972-04-17,2022-10-30,43298 Brittany Harbors,Vancouver,Canada,17342,001-896-418-4462x6714,chadoconnor@example.net,42786,2.82,2.0
297,Nathan,Sandoval,Customer Success Manager,Customer Support,1978-08-31,2023-09-17,2566 Tamara Gateway,Vancouver,Canada,10662,418-518-6151x554,alejandro63@example.com,58960,4.39,4.0
298,Sara,Thompson,Sales Representative,Sales,1972-09-13,2024-11-14,718 Graves Way Suite 849,Toronto,Canada,13485,8259625889,jonathonparks@example.net,48980,4.28,8.0
299,David,Gray,Data Engineer,IT,1976-02-20,2022-09-28,53967 Scott Knoll Suite 844,Toronto,Canada,56569,234.314.6511x13129,angela70@example.com,112987,4.83,6.0
300,Derek,Jimenez,Data Analyst,IT,2000-03-04,2023-12-28,0930 Park Summit,Mumbai,India,45728,489.309.7283,mary85@example.org,147820,3.34,9.0
301,Nicholas,Brooks,Marketing Executive,Marketing,1994-04-28,2019-12-26,3814 Webb Greens,Vancouver,Canada,28427,9962348079,adam75@example.com,69140,3.33,2.0
302,Adam,Zamora,Support Engineer,Customer Support,1989-08-22,2013-05-18,5016 Gonzalez Pines,Vancouver,Canada,67913,(861)770-2437,michael28@example.com,66102,3.16,10.0
303,Diana,Gonzales,Cloud Engineer,IT,1972-12-14,2019-01-07,6053 Jake Canyon,Hyderabad,India,18022,(465)702-3741x6787,vshaw@example.com,92349,3.81,10.0
304,Susan,Sparks,Support Engineer,Customer Support,1974-07-02,2013-06-03,58030 Jordan Ranch,Toronto,Canada,97157,4674447163,juanwilson@example.com,37069,3.93,2.0
305,Lori,Gonzalez,Marketing Manager,Marketing,1982-05-23,2022-11-22,892 Victoria Ramp,Hyderabad,India,82933,+1-523-312-6043x2609,jamesalicia@example.net,72445,2.88,4.0
306,Matthew,Mendoza,Support Engineer,Customer Support,1981-04-22,2015-05-01,041 Cox Keys Suite 350,Vancouver,Canada,24323,3008534749,johnnyhenry@example.com,44049,3.8,9.0
307,Collin,Smith,Cloud Engineer,IT,1986-04-08,2013-06-15,5598 Allen Harbor,Manchester,UK,28030,001-561-512-9109,eschaefer@example.net,111124,4.89,8.0
308,Jessica,Mayo,Operations Manager,Operations,1988-11-21,2016-09-07,202 Robert Station,Manchester,UK,33600,001-685-457-1617x68802,brandon90@example.net,84981,3.71,4.0
309,Lisa,Simpson,Accountant,Finance,1978-07-02,2024-02-27,78686 Lawson Ford,Manchester,UK,24626,6296390878,kennethadams@example.org,87880,4.26,8.0
310,Brandon,Allen,Recruiter,Human Resources,1977-03-14,2015-05-14,242 Marks Center,Manchester,UK,84703,338.610.5955,rickycarr@example.com,97127,4.3,5.0
311,Lisa,Holloway,Operations Manager,Operations,1969-06-15,2022-03-16,424 Amanda Ways,Chicago,USA,76950,664-598-3735,omoore@example.net,103704,4.95,6.0
312,Eddie,Mendoza,Sales Executive,Sales,1995-01-31,2017-10-29,72239 Harding Falls Suite 042,Chennai,India,23796,(293)312-1637x6182,hcruz@example.org,86801,2.7,8.0
313,John,Miller,Financial Analyst,Finance,1968-07-14,2013-10-21,900 Amy Viaduct,Manchester,UK,44854,001-513-227-9724x572,courtney10@example.org,85537,4.83,5.0
314,Kenneth,Hunt,Data Engineer,IT,1972-07-21,2020-10-27,03036 Hernandez Shoal Suite 361,Hyderabad,India,64964,(313)714-5195,huangcassandra@example.org,101779,2.63,9.0
315,Matthew,White,Sales Representative,Sales,1994-09-22,2020-07-31,49451 Hendricks Shore Suite 410,Bangalore,India,19983,001-725-426-7711x96421,katrinagomez@example.com,67086,3.33,8.0
316,Heather,Gutierrez,Support Engineer,Customer Support,1994-05-26,2019-09-29,36687 Patel View Apt. 619,Chicago,USA,94207,(389)231-3503x05872,michael24@example.com,35339,4.91,3.0
317,Melissa,Bonilla,SEO Specialist,Marketing,1975-05-14,2025-10-07,33021 Nicholas Burg Suite 501,Vancouver,Canada,87368,001-317-592-0252,smithmariah@example.com,58071,4.39,5.0
318,Ian,Manning,Operations Executive,Operations,1975-09-30,2024-07-30,6570 Rodriguez Circle Apt. 928,Manchester,UK,21518,5668784984,josephdavis@example.com,104502,4.42,10.0
319,Jason,Montgomery,Accountant,Finance,1974-01-27,2024-03-13,2891 Woods Shoal,Hyderabad,India,84634,(762)205-6341x1159,julianweaver@example.org,73040,4.83,1.0
320,Alex,Browning,Finance Manager,Finance,1979-12-24,2021-09-18,303 Miller Port,Vancouver,Canada,74530,7976005140,uporter@example.com,87941,4.69,1.0
321,Jacqueline,Davis,HR Manager,Human Resources,1989-10-09,2013-10-04,818 Andrew Underpass Suite 790,London,UK,38527,(727)911-3322,matthewward@example.com,74776,4.97,9.0
322,Kim,Hughes,Customer Success Manager,Customer Support,1968-04-12,2023-09-06,912 Davis Bridge,Toronto,Canada,19194,001-748-717-1752x42149,jonesjennifer@example.com,52880,2.98,2.0
323,Tiffany,Hines,Operations Manager,Operations,1983-02-10,2019-08-10,219 Williams Walks Suite 669,London,UK,89706,(975)689-5516,oliverdawn@example.net,87486,3.14,3.0
324,Lori,Smith,HR Manager,Human Resources,1982-03-20,2023-06-18,6296 Jeffrey Well,Chicago,USA,61092,+1-815-777-8711x21663,stewartwendy@example.com,82210,4.19,4.0
325,Judith,Wilson,Customer Success Manager,Customer Support,1980-01-11,2023-07-03,82723 Carroll Rapid Suite 056,Mumbai,India,62551,403.306.4421,richard47@example.com,68769,3.32,7.0
326,Elizabeth,Green,Accountant,Finance,2001-04-08,2015-03-14,65423 Mcmahon Orchard,Seattle,USA,62825,+1-526-359-6089,mariodowns@example.net,92415,4.84,1.0
327,Edward,Ellis,Accountant,Finance,1987-02-05,2011-10-19,5164 Vanessa Village,Manchester,UK,16979,+1-779-510-3368x2963,teresaray@example.org,84995,4.89,5.0
328,Michael,Turner,Operations Manager,Operations,1990-10-02,2025-05-26,177 Jenkins Knoll Suite 851,New York,USA,23545,665.328.9286x646,shafferdale@example.net,90401,3.09,2.0
329,Sarah,Garcia,Accountant,Finance,1966-09-04,2022-01-15,789 Elizabeth Walk,Vancouver,Canada,55635,737.986.1371,podonnell@example.net,115866,4.81,5.0
330,Sheila,Casey,HR Manager,Human Resources,1992-06-28,2011-09-08,4463 Rachel Mall Apt. 002,Chicago,USA,49575,895.452.9638x63960,lmadden@example.com,85280,3.05,3.0
331,Eric,Hall,SEO Specialist,Marketing,1987-03-17,2020-05-10,196 Hood Estate,Toronto,Canada,42759,311.806.0920,newtondavid@example.com,84697,3.43,9.0
332,John,Hurst,Support Engineer,Customer Support,1989-12-05,2014-09-24,83640 Miller Divide Apt. 911,Toronto,Canada,60679,+1-811-324-4211x753,apope@example.org,40365,3.81,9.0
333,Charles,Mcdaniel,Software Engineer,IT,1998-08-31,2022-03-14,7224 Rebecca Shoals Apt. 155,London,UK,63928,+1-298-402-8413x908,michellewilson@example.org,78094,4.57,9.0
334,Dillon,Miller,Accountant,Finance,1967-07-26,2017-02-16,4731 Erickson Run,Bangalore,India,39078,676.486.3423x461,stephaniefreeman@example.com,118202,3.6,4.0
335,Julie,Cabrera,Cloud Engineer,IT,1994-05-24,2021-09-13,663 Brooks Roads,Toronto,Canada,08924,220.384.9649x856,lisajordan@example.org,175996,2.64,3.0
336,Charles,Sandoval,Software Engineer,IT,1989-11-25,2015-09-24,51050 Lewis Port Suite 381,Vancouver,Canada,51041,793-783-1849x1966,jameslang@example.com,143242,3.66,5.0
337,Robert,Martinez,HR Executive,Human Resources,1968-09-28,2016-03-23,596 Barbara Haven,New York,USA,02838,+1-390-974-2608x8050,gallegosrobert@example.com,93877,3.04,2.0
338,Karen,Ross,Recruiter,Human Resources,1984-04-01,2016-12-13,9064 Snyder Row Apt. 591,New York,USA,04339,300.521.5632,lisa80@example.net,49178,3.85,1.0
339,Nicole,Williams,Sales Executive,Sales,1969-02-16,2015-12-22,1459 Nelson Extension,New York,USA,18557,001-371-525-2967,rstanley@example.com,66795,2.95,3.0
340,Christopher,Miranda,Marketing Manager,Marketing,1998-05-28,2015-05-26,8331 Teresa Circle,Vancouver,Canada,28350,7376637153,grios@example.org,69739,3.44,9.0
341,Sabrina,Cruz,Sales Representative,Sales,1974-05-29,2015-04-12,836 Casey Manors Apt. 491,Chennai,India,19806,711.630.7240x787,mcintoshchristopher@example.com,75209,3.48,3.0
342,Randy,Jordan,Support Engineer,Customer Support,1979-12-27,2014-02-12,74510 Dennis Manors Apt. 436,Hyderabad,India,23654,+1-348-297-8610x313,johnstonjohn@example.net,54553,3.66,9.0
343,Jeremy,Oliver,Support Engineer,Customer Support,1972-06-07,2016-03-29,6134 Harris Turnpike Apt. 549,Vancouver,Canada,38246,001-401-728-9743x2512,athomas@example.net,51220,3.65,3.0
344,Matthew,Thompson,Operations Executive,Operations,1997-11-08,2018-11-02,20957 Tracy Gateway Suite 100,London,UK,74853,+1-643-988-2211x45775,michael05@example.com,47111,4.52,7.0
345,Kim,Vincent,Financial Analyst,Finance,1988-04-08,2020-05-13,48026 Donna Divide Suite 703,Seattle,USA,76206,001-665-731-3614x8782,peter64@example.com,63224,3.98,8.0
346,Bethany,Miles,Operations Executive,Operations,1978-07-11,2012-04-03,7954 Tara Parks,Seattle,USA,90354,(972)684-9824,marshalexis@example.org,71362,3.6,9.0
347,Margaret,Martinez,Finance Manager,Finance,1980-05-06,2016-05-15,0650 John Keys Suite 882,Hyderabad,India,11773,001-542-836-9143x075,gross@example.com,87914,3.09,10.0
348,Lance,Elliott,Accountant,Finance,1986-02-09,2021-09-17,234 Robert Flats Suite 414,Manchester,UK,74774,+1-978-726-6128x7585,aowens@example.com,68777,4.96,9.0
349,Anthony,Wang,HR Manager,Human Resources,1967-06-10,2021-01-23,94398 Martinez Plains,Mumbai,India,74631,306-726-0787x0104,shortariana@example.net,48994,3.89,10.0
350,Bruce,Yang,Cloud Engineer,IT,1988-02-07,2026-04-05,382 Taylor Spring,Mumbai,India,84343,(244)407-9311,meyerjohn@example.org,76145,4.93,7.0
351,Marissa,Wallace,Marketing Executive,Marketing,1997-10-17,2011-12-23,46723 Underwood Springs,Manchester,UK,58058,+1-991-662-0223x28837,elizabeth97@example.com,64653,3.44,9.0
352,Paul,Marsh,Support Engineer,Customer Support,1984-04-13,2018-03-18,6204 Wilson Loaf Apt. 940,Toronto,Canada,85056,+1-597-705-2774x0258,lpalmer@example.net,54709,4.64,3.0
353,Diana,Hart,Cloud Engineer,IT,1975-11-11,2017-07-17,244 Jones Villages Suite 679,Toronto,Canada,86873,(798)884-2599,williamsmelissa@example.org,124592,3.89,3.0
354,Elizabeth,Porter,HR Executive,Human Resources,1981-04-29,2013-03-13,3312 Campos Manor Apt. 094,Toronto,Canada,15505,9178590251,vanessaberry@example.org,66644,4.12,8.0
355,Travis,Shelton,Data Engineer,IT,1978-11-16,2015-11-07,26831 Crystal Skyway,London,UK,13110,702.405.6981,nlee@example.net,76755,3.17,10.0
356,Michael,Montgomery,Finance Manager,Finance,1997-10-17,2020-01-29,76619 David Path,Seattle,USA,39590,517-630-9850,peter51@example.org,78444,3.7,6.0
357,Amanda,Allen,Financial Analyst,Finance,1985-02-27,2012-10-29,9081 Giles Greens Apt. 056,London,UK,34695,950.323.8503,reedchad@example.com,65376,4.37,8.0
358,Timothy,Anderson,Marketing Executive,Marketing,1971-01-16,2020-12-08,07835 Woods Tunnel,Bangalore,India,30353,9002389608,scannon@example.org,81181,3.3,5.0
359,Ronald,Taylor,Data Analyst,IT,1994-10-19,2023-06-27,95535 Hull Freeway Apt. 190,Vancouver,Canada,30270,(789)700-3010x27240,whitneyanderson@example.com,110425,3.15,9.0
360,David,Jones,Sales Manager,Sales,1998-02-18,2022-09-29,375 Scott Hollow Suite 843,Vancouver,Canada,69555,558-481-0569x741,kevintran@example.org,70768,4.4,6.0
361,Lisa,Thomas,HR Manager,Human Resources,1990-11-24,2023-11-21,771 Victor Bypass,Chennai,India,35929,896-941-0496x706,walkernicolas@example.net,47996,3.91,4.0
362,Brett,Torres,Recruiter,Human Resources,1994-11-22,2020-08-12,95493 Matthew Village Suite 601,Hyderabad,India,73022,(448)276-9984x2673,lauren41@example.org,83275,3.95,7.0
363,Matthew,Foster,Accountant,Finance,2002-06-30,2016-08-03,4490 Kurt Shore Suite 427,London,UK,61151,8702705783,hillcheryl@example.com,80149,3.45,4.0
364,Hector,Miranda,HR Manager,Human Resources,1969-11-30,2019-01-18,7232 Monica Shoal Apt. 310,Vancouver,Canada,24651,+1-287-595-0830x44058,daniel87@example.org,92419,4.1,8.0
365,Joel,Nguyen,Operations Manager,Operations,2000-05-01,2012-11-15,616 Thomas Islands Suite 565,Toronto,Canada,62194,790-725-0429x0193,nicholasaguilar@example.net,56092,2.85,9.0
366,Kathryn,Banks,Software Engineer,IT,1975-10-09,2018-01-15,98986 Melanie Pines,Toronto,Canada,07242,+1-578-787-5439x435,stephengoodman@example.org,138674,2.58,2.0
367,Jessica,Beard,Marketing Executive,Marketing,1981-12-17,2019-02-16,58815 Jacobs Mission Suite 392,Seattle,USA,70967,369.329.4455,jfisher@example.net,86333,3.08,3.0
368,Nicole,Gonzalez,Cloud Engineer,IT,1999-03-10,2022-04-27,0216 Cannon Station,Seattle,USA,62086,001-712-406-0212x8866,pterry@example.net,118916,2.65,10.0
369,Matthew,Summers,Sales Representative,Sales,1985-07-10,2013-07-31,991 Charles Knoll Suite 676,Vancouver,Canada,38418,001-772-929-8120x99576,williamchapman@example.org,74879,3.88,1.0
370,Trevor,Williams,Operations Manager,Operations,1981-05-12,2016-08-12,5652 Bobby Street Apt. 684,Chicago,USA,75885,+1-451-654-2144x773,vanessa13@example.net,80110,4.94,1.0
371,Cody,Arnold,Sales Representative,Sales,1984-07-08,2013-12-15,90883 Tracy View,Toronto,Canada,03879,(934)896-7827x411,ibaker@example.com,74366,2.87,4.0
372,Linda,Garner,HR Manager,Human Resources,1973-06-25,2017-07-28,152 Hill Roads,Manchester,UK,96907,815.506.1853x80032,josephhernandez@example.org,50178,3.43,7.0
373,David,Walters,Operations Executive,Operations,1999-05-12,2016-05-13,306 Travis Ridge,Toronto,Canada,27835,001-420-664-9693x578,nancycontreras@example.com,64659,4.21,2.0
374,Michael,Castillo,Marketing Manager,Marketing,1992-03-31,2021-09-22,14675 Elaine Crescent,Seattle,USA,23595,651.656.2779x630,pamelapatton@example.org,69718,3.88,1.0
375,Marcus,Leonard,Financial Analyst,Finance,2003-10-26,2024-09-07,7664 Joseph Stream Apt. 504,Chicago,USA,59173,(239)828-3199x52980,deleonmathew@example.com,115517,4.61,6.0
376,Diana,Stone,Sales Representative,Sales,2003-03-08,2012-08-20,328 Heath Forks Suite 255,Chicago,USA,54685,883.900.0818,moorekevin@example.org,53855,4.75,10.0
377,Joseph,Martinez,Sales Representative,Sales,1982-05-21,2012-02-17,624 Charles Parkways Suite 008,Vancouver,Canada,79782,(219)663-9456,stephen14@example.net,84854,4.81,9.0
378,Kelly,Davis,Customer Success Manager,Customer Support,1997-08-20,2017-12-17,474 Patrick Parks Suite 581,Seattle,USA,59780,390.663.7579,douglas11@example.net,36026,4.9,10.0
379,Michelle,Burns,Sales Executive,Sales,1977-01-27,2015-02-02,26978 Brian Park,Mumbai,India,33534,(945)720-5996x04387,marcfletcher@example.net,50646,3.91,10.0
380,Jodi,Quinn,SEO Specialist,Marketing,2003-04-24,2026-03-01,1620 April Crossing,Vancouver,Canada,22284,471.806.7287,hsmith@example.com,54171,4.48,2.0
381,Sandra,Rhodes,Sales Executive,Sales,1985-07-30,2023-10-21,592 Kelly Spur Apt. 958,London,UK,79736,477-435-2287x056,ajones@example.com,55213,4.6,6.0
382,Heather,Medina,Sales Manager,Sales,1978-04-30,2014-12-12,09792 Michael Points Apt. 503,Vancouver,Canada,36490,469-345-9648x8319,joshuabaker@example.org,57912,4.46,8.0
383,Alexa,Newman,Recruiter,Human Resources,1974-03-07,2025-02-10,9994 Clark Alley Apt. 319,Toronto,Canada,19701,(927)805-1028,gmurphy@example.org,69603,3.58,10.0
384,Phillip,Schroeder,Customer Success Manager,Customer Support,1981-12-10,2021-01-31,4858 Nicole Ville Apt. 242,Toronto,Canada,57811,+1-277-741-8652,wtownsend@example.net,51151,4.28,2.0
385,Christina,Walter,SEO Specialist,Marketing,1994-06-01,2015-03-12,5203 Ward Fields,London,UK,01236,001-645-215-4809,darlene60@example.net,86543,2.89,7.0
386,Colleen,Maddox,Sales Representative,Sales,1982-10-11,2016-03-21,797 Thompson Summit,Manchester,UK,85376,001-981-205-0922x21610,connor84@example.org,40340,4.86,8.0
387,Mary,Charles,Sales Representative,Sales,1966-09-10,2017-03-20,295 Shelia Lodge Suite 013,Manchester,UK,66236,(841)427-0493,collinsann@example.org,45721,2.97,8.0
388,Ashley,Horton,Sales Representative,Sales,1988-10-16,2019-06-28,11212 Garza Brooks Apt. 035,Toronto,Canada,60839,434-632-4064,annettegutierrez@example.org,63194,3.89,10.0
389,Gregory,Phillips,Sales Executive,Sales,1984-02-14,2014-12-11,1759 Bailey Row Suite 209,Manchester,UK,51052,(689)336-5435,jonathanmcdonald@example.org,67119,3.47,2.0
390,Dominique,Lopez,Operations Manager,Operations,1973-05-27,2020-05-08,9559 Barrett Bypass,Bangalore,India,42754,001-615-402-6755x125,wpayne@example.org,56108,2.85,5.0
391,Christina,Watkins,Financial Analyst,Finance,1995-06-07,2025-04-28,673 Cummings Rapid Suite 764,Manchester,UK,05760,281.466.4969,sandratanner@example.net,71916,3.59,7.0
392,Stephanie,Bradley,Support Engineer,Customer Support,2001-03-22,2014-12-07,50142 Ellis Expressway,Manchester,UK,60871,5238244123,ramseyeric@example.net,58666,3.13,4.0
393,Thomas,Cooper,Marketing Executive,Marketing,1991-01-10,2011-08-22,637 Guerra Squares Apt. 162,Toronto,Canada,42228,001-526-454-6968x15790,mikemorgan@example.org,53879,3.26,7.0
394,Debbie,Taylor,Customer Success Manager,Customer Support,1992-08-26,2012-11-14,34615 Valdez Manors,Manchester,UK,20259,346-770-4622x6817,riosrichard@example.org,63850,3.34,10.0
395,David,Hunter,Recruiter,Human Resources,1976-07-03,2016-12-25,76604 Green Roads Apt. 978,Chennai,India,49367,001-675-585-1268x61205,dgraham@example.com,90566,3.0,6.0
396,Miranda,Stevens,HR Manager,Human Resources,1968-04-08,2013-08-16,546 Leonard Trafficway,Mumbai,India,03585,+1-642-245-6075,howardbenjamin@example.net,93160,4.24,8.0
397,Gregory,Nichols,Marketing Manager,Marketing,1992-07-08,2015-10-14,276 Reed Mount,Chennai,India,90808,+1-338-897-0155x029,morgandana@example.com,70751,3.41,10.0
398,Andrew,Clements,Operations Executive,Operations,1994-04-24,2018-05-17,161 Ashley Hollow Apt. 059,Bangalore,India,62487,464.624.8096,adam30@example.com,107456,4.32,4.0
399,Joseph,George,Support Engineer,Customer Support,1974-05-22,2016-03-25,33053 Cheryl Stream Suite 969,Vancouver,Canada,43591,+1-967-480-5555,fdickerson@example.org,61813,4.18,3.0
400,George,Price,Recruiter,Human Resources,2001-10-10,2023-06-05,91785 Jared Pines Suite 445,London,UK,59679,+1-970-529-9295x96604,imorse@example.com,55101,4.29,7.0
401,Randy,Lewis,Cloud Engineer,IT,1973-12-17,2013-03-16,422 Pierce Knoll,New York,USA,98972,869.545.5158,dsimpson@example.com,146315,3.5,9.0
402,Sandra,Thompson,Customer Success Manager,Customer Support,1996-02-22,2014-03-24,85721 Carpenter Manor Suite 630,Toronto,Canada,81618,229.798.1996,garrettgarrett@example.net,40569,2.77,4.0
403,Andrew,Guzman,Operations Executive,Operations,1971-09-30,2017-11-08,832 Wood Well Apt. 273,London,UK,42801,(941)503-9773,teresaporter@example.org,81911,4.96,7.0
404,Samantha,Moore,Sales Representative,Sales,1988-02-06,2026-05-23,100 Camacho Mountains Suite 164,Manchester,UK,94345,+1-819-280-7704,reginald87@example.com,46462,3.15,9.0
405,Dustin,Baker,HR Manager,Human Resources,1973-12-31,2013-04-26,256 Thomas Gardens,Mumbai,India,63755,741.651.7734,crivera@example.net,75347,4.43,10.0
406,Joshua,Johnson,Sales Executive,Sales,1983-02-09,2021-03-22,84035 Reeves Inlet,Chennai,India,94327,(694)877-4222,dana03@example.net,46851,3.24,2.0
407,Breanna,Green,Accountant,Finance,1986-03-05,2014-01-29,9252 Mills Lane Suite 287,Chicago,USA,23489,560.715.3433x2491,ostevens@example.org,90880,3.36,4.0
408,Judith,Cox,Marketing Executive,Marketing,2001-03-23,2015-06-11,1581 Tran Place,Vancouver,Canada,97659,+1-410-579-8334,hannahbryant@example.org,73715,4.3,8.0
409,Joshua,Paul,HR Executive,Human Resources,1983-08-23,2020-12-11,84033 Brenda Prairie,London,UK,63059,518.305.1371x717,carmenevans@example.org,98096,4.28,1.0
410,Rebecca,Cortez,Operations Executive,Operations,1994-10-20,2026-03-16,399 Gay Glen Suite 947,London,UK,83224,(558)778-4448,erica84@example.net,105943,4.96,4.0
411,Tiffany,Bautista,Recruiter,Human Resources,1995-07-03,2013-06-14,58772 Cameron Meadows Suite 175,Bangalore,India,84109,+1-682-531-3348x45871,mariolee@example.com,72942,4.9,4.0
412,Eric,Bates,Finance Manager,Finance,1977-03-31,2026-01-21,796 Perez Greens Suite 452,Toronto,Canada,40639,455-974-6966x06065,andrew33@example.net,106640,3.49,10.0
413,Marissa,Johnson,Cloud Engineer,IT,1982-12-22,2016-07-27,5883 Christina Mill Suite 113,Mumbai,India,21527,279-770-6734x99601,amanda74@example.org,120965,2.51,4.0
414,Nicole,Jones,Support Engineer,Customer Support,1997-08-31,2013-11-03,29493 Samuel Islands Suite 884,Chennai,India,90884,9215557325,mcox@example.net,41668,4.5,9.0
415,Cassandra,Cantu,HR Executive,Human Resources,1983-03-09,2015-11-25,66670 Robin Passage,Chennai,India,49453,7963085874,cunninghamterri@example.org,74986,2.78,8.0
416,Lauren,Mathis,Cloud Engineer,IT,2001-09-29,2014-04-01,793 Katie Meadows,Manchester,UK,36790,872.651.2957x860,hansonpeter@example.org,146939,2.79,6.0
417,Ronald,Green,Customer Success Manager,Customer Support,1980-11-19,2017-01-15,587 Kayla Ports,Toronto,Canada,46985,001-292-432-3421x089,stephanie55@example.org,40554,4.18,6.0
418,Kevin,Coleman,HR Executive,Human Resources,1979-10-07,2014-12-27,35027 Mary Lane Apt. 736,Seattle,USA,06951,376.433.6911x289,davidburns@example.net,56996,3.43,3.0
419,Wanda,Perry,Data Engineer,IT,1989-12-11,2024-04-23,85748 Sierra Brook,Vancouver,Canada,01452,(966)215-5416x4316,jessica50@example.org,145340,3.46,3.0
420,Anne,Anderson,Data Engineer,IT,1982-07-02,2014-07-29,70093 Watson Mall,Toronto,Canada,21142,(722)682-2512x07346,anthony05@example.org,134178,3.22,3.0
421,Jessica,Thomas,Software Engineer,IT,1997-07-29,2012-02-20,86982 Craig Keys Apt. 161,Manchester,UK,15234,776.787.2904x7742,woodskaitlyn@example.net,117059,4.88,8.0
422,Jeffrey,Anderson,Customer Success Manager,Customer Support,1978-11-30,2013-09-11,11649 John Glen,Bangalore,India,24700,001-445-279-8894x2565,ywelch@example.org,68124,4.13,7.0
423,Douglas,Johnson,Operations Manager,Operations,1977-12-14,2011-10-19,65097 Mathews Field,Vancouver,Canada,82907,001-367-637-9487,matthew24@example.com,77027,2.92,10.0
424,Ana,Alvarado,HR Executive,Human Resources,1998-09-21,2024-09-09,415 May Plains Apt. 137,Seattle,USA,15067,384-425-4768,gwilkins@example.org,63012,3.06,5.0
425,Erin,Parsons,Cloud Engineer,IT,1975-03-15,2025-11-05,589 Anna Pines,Mumbai,India,69319,3854838252,meganpotter@example.org,142053,3.78,10.0
426,Roger,Harris,Customer Success Manager,Customer Support,2002-05-12,2021-12-05,4686 Mcdonald Dale,New York,USA,95075,401-948-4399x1062,kathyroman@example.org,37726,4.4,8.0
427,Erik,Barnes,Sales Manager,Sales,1992-03-07,2024-12-06,51342 Martinez Streets,Mumbai,India,77299,+1-923-572-4501x84819,hevans@example.net,82839,4.38,5.0
428,Chad,Werner,HR Manager,Human Resources,1996-06-23,2014-03-03,0641 Simmons Extension Suite 438,New York,USA,14007,399-653-7660,rebecca85@example.com,98525,2.72,2.0
429,Christopher,Garcia,Customer Success Manager,Customer Support,1982-08-27,2017-08-16,97396 Garcia Tunnel Suite 899,Bangalore,India,49760,+1-786-809-1919x113,chiggins@example.com,63060,2.91,3.0
430,Steven,Boyer,Support Engineer,Customer Support,1995-07-08,2026-01-20,6039 Andrew Isle,Bangalore,India,13451,960-674-5553x4705,jasontownsend@example.net,57991,3.83,10.0
431,Richard,Bailey,Operations Manager,Operations,1987-06-18,2024-02-27,1559 Leslie Inlet,Chennai,India,13778,001-916-759-7263x4755,susanmorris@example.org,63961,3.93,9.0
432,Lance,Hunter,Customer Success Manager,Customer Support,1978-06-22,2021-06-15,826 James Course Suite 425,Seattle,USA,70339,(262)561-4991x537,elizabethhill@example.com,38885,4.98,3.0
433,Heather,Robinson,Finance Manager,Finance,1980-10-31,2025-09-24,3204 Tamara Walks,Bangalore,India,80745,876.688.9362x8969,linda46@example.com,92217,4.57,7.0
434,Luke,Kelly,Data Analyst,IT,1990-05-13,2015-07-20,3892 Tina Tunnel,Toronto,Canada,67013,001-278-951-9358x374,bcrawford@example.org,152288,3.54,8.0
435,Ann,Hansen,Support Engineer,Customer Support,1977-03-20,2011-12-07,7215 Stephanie Harbor,Chicago,USA,75179,709-576-2637x484,ithomas@example.net,61401,3.79,5.0
436,Adam,Lynch,Marketing Manager,Marketing,1986-12-15,2026-03-26,119 Alyssa Stream Apt. 339,Manchester,UK,24007,(807)815-1169,ihorton@example.com,83139,2.51,2.0
437,Larry,Thompson,Support Engineer,Customer Support,1978-01-04,2013-03-09,7124 Gonzalez Keys Apt. 571,Vancouver,Canada,69165,209-708-0512x080,ztorres@example.net,61064,3.04,7.0
438,Michele,Sosa,HR Manager,Human Resources,2003-11-23,2017-12-07,972 Theresa Court,Mumbai,India,90046,(995)292-7282,mcconnellpamela@example.org,99286,3.21,9.0
439,Daniel,Vega,Customer Success Manager,Customer Support,1986-10-07,2016-07-06,73929 Pace Shoals,Mumbai,India,72325,(271)781-5352x3736,rangelsamantha@example.net,38172,2.61,8.0
440,April,Alvarado,Support Engineer,Customer Support,1972-04-12,2025-12-23,998 Sherman Row Apt. 452,Seattle,USA,59208,001-934-866-6617x07158,tyler40@example.net,63920,3.64,7.0
441,Stacey,Parker,Operations Manager,Operations,1968-05-22,2014-10-03,508 Brandon Hollow,Bangalore,India,50950,758.206.8828,coreydodson@example.org,55418,4.69,5.0
442,Jennifer,Simpson,HR Manager,Human Resources,1987-05-10,2012-10-18,63140 Donna Village,Chicago,USA,43853,(563)656-0229,tbecker@example.net,50401,3.43,3.0
443,Shelby,Valdez,Operations Manager,Operations,1986-08-20,2015-01-16,0666 Kirby Field Suite 490,New York,USA,82622,001-460-772-3111x271,sherryscott@example.net,92578,4.25,4.0
444,Amanda,Mitchell,Operations Executive,Operations,1992-08-27,2016-05-26,16318 Gonzalez Path Apt. 771,Toronto,Canada,15103,706.921.1369,scotthammond@example.net,45071,3.03,2.0
445,Terri,Mack,Cloud Engineer,IT,1999-10-30,2024-08-07,90254 Michael Flats Apt. 662,Bangalore,India,38748,413.423.5707x13984,brian16@example.net,71217,2.52,6.0
446,Christine,Jackson,Operations Executive,Operations,2001-11-30,2011-11-08,0213 Patrick Port Apt. 691,New York,USA,29929,001-909-681-0796x49673,tina77@example.org,76306,2.68,7.0
447,Natasha,Walker,Support Engineer,Customer Support,1996-06-19,2020-09-06,264 Micheal Brooks Suite 420,Chicago,USA,60785,(983)762-5366x67776,mark62@example.net,41763,3.28,5.0
448,John,Marquez,Support Engineer,Customer Support,2001-08-14,2015-01-22,957 Brooks Inlet,Mumbai,India,28486,(427)818-7496x0335,cwhite@example.org,44362,2.67,10.0
449,Ashley,Jackson,Operations Executive,Operations,1979-08-10,2018-02-14,693 Robert Mountain,Chicago,USA,32705,001-227-759-9801x1100,edwardsrachel@example.org,73842,3.38,4.0
450,Kyle,Jones,Cloud Engineer,IT,1975-10-22,2015-03-07,775 Keith Courts Apt. 226,Mumbai,India,16025,+1-396-428-8743,cdavis@example.org,98474,2.72,2.0
451,Nicolas,Jackson,Cloud Engineer,IT,1991-06-25,2019-08-07,579 Seth Brooks,Hyderabad,India,64957,+1-595-751-5122x94621,jennifer15@example.net,116076,4.91,6.0
452,Christy,Garza,Recruiter,Human Resources,1999-03-24,2011-10-30,4384 Tracy Expressway,Bangalore,India,07318,+1-234-447-6504x7158,navarroandrew@example.com,50521,3.12,10.0
453,Norman,Johnson,Customer Success Manager,Customer Support,1979-02-22,2019-07-22,655 Russell Junctions Apt. 548,London,UK,25785,344.417.1581x0213,calvin93@example.org,48464,3.79,9.0
454,Jennifer,Doyle,Recruiter,Human Resources,1970-09-09,2011-09-20,129 Welch Isle Apt. 910,Mumbai,India,92795,(531)221-1063,hughescolleen@example.org,48576,4.46,4.0
455,James,Travis,Sales Representative,Sales,1997-12-14,2025-06-19,4907 William Common,Vancouver,Canada,23550,442.789.3113,franciscoreid@example.net,72740,4.1,2.0
456,Robert,Davidson,HR Executive,Human Resources,1985-10-01,2021-10-15,4538 Diana Springs,New York,USA,33487,321-701-7509x6170,helen91@example.net,70351,4.65,10.0
457,Mary,Hayes,Data Engineer,IT,1983-06-01,2023-12-05,7475 Jeremy Extension Apt. 567,Vancouver,Canada,61009,867-777-2266x02562,hamiltonlisa@example.org,169972,3.68,2.0
458,Sophia,Robinson,Sales Representative,Sales,1975-11-02,2021-08-23,7245 Andrew Lock,Chicago,USA,21251,784-333-7976x6270,bentonjanice@example.net,57182,3.04,1.0
459,Joe,Harding,Operations Manager,Operations,1985-03-31,2013-12-18,7042 Mccoy Spur,Vancouver,Canada,81566,(291)992-8455x25971,robert35@example.net,72759,4.25,2.0
460,Rachel,Schultz,Sales Executive,Sales,1981-06-11,2026-05-22,8595 Rachel Islands Apt. 993,Chennai,India,33150,997.905.8162x9518,carl63@example.com,45178,3.78,4.0
461,Melanie,Brown,SEO Specialist,Marketing,1975-04-18,2017-09-29,05597 Kristen Island,Chennai,India,64031,598-833-9914x03884,ahaynes@example.com,86569,4.41,2.0
462,Douglas,Johnson,Operations Executive,Operations,1983-04-26,2015-01-12,57276 Brittney Trace Suite 147,Manchester,UK,36670,397.242.9250,angela52@example.com,48794,3.11,7.0
463,Anthony,Hamilton,Software Engineer,IT,1991-01-29,2020-11-30,2590 Nguyen Throughway Apt. 802,New York,USA,65601,712-721-8231,christopher51@example.com,110539,4.17,3.0
464,Bryan,Butler,Operations Executive,Operations,1992-10-24,2020-10-30,281 Shane Crescent Suite 330,Seattle,USA,85010,+1-780-803-7003x32285,wsmith@example.com,90973,2.53,8.0
465,Elizabeth,Terry,Accountant,Finance,1999-01-20,2011-12-16,39033 Smith Squares,Manchester,UK,11068,001-658-626-3280,william23@example.net,66637,4.37,5.0
466,James,Hurst,HR Manager,Human Resources,1982-12-30,2017-03-31,47079 Harris Creek Apt. 613,Seattle,USA,26734,001-294-639-4570x39438,robinsonhenry@example.com,62824,3.81,5.0
467,Stacey,Price,SEO Specialist,Marketing,1979-08-07,2020-01-21,6927 Hoffman Heights Apt. 191,New York,USA,00536,4903040476,richardsondebbie@example.com,68601,2.64,10.0
468,Joshua,Valdez,Accountant,Finance,1990-12-05,2012-11-06,14247 David Roads Apt. 720,Chennai,India,15257,937-398-4409,jasonsanders@example.com,63487,4.74,2.0
469,Tyler,Rivas,Sales Representative,Sales,1967-08-05,2012-03-09,09014 Higgins Flats Suite 043,Hyderabad,India,31279,001-370-709-6873x045,ihoover@example.org,56026,2.61,6.0
470,Rachel,Barber,Financial Analyst,Finance,1990-12-16,2022-10-05,5629 Watson Key,Toronto,Canada,38832,(478)765-6194,debbie78@example.net,104967,3.06,4.0
471,Matthew,Hull,HR Executive,Human Resources,1976-09-26,2012-04-13,582 Tiffany Turnpike,Vancouver,Canada,27477,001-661-461-8808x190,gabriellafrench@example.com,82456,3.43,9.0
472,Jessica,Robles,Finance Manager,Finance,1973-07-07,2017-02-03,639 Brady Spurs Apt. 372,Seattle,USA,91457,001-330-581-7214x36438,smithkenneth@example.org,56019,4.89,2.0
473,Kimberly,Jones,Customer Success Manager,Customer Support,1978-03-12,2025-08-20,1656 Heidi Hills Suite 653,Vancouver,Canada,40318,(999)879-9070x75504,hendersonbrenda@example.com,56449,2.72,8.0
474,Norman,Estes,Accountant,Finance,1998-12-03,2012-01-08,4811 Jennifer Stravenue,New York,USA,83246,676-953-9705,christinadavis@example.net,89834,4.35,4.0
475,Michelle,Norman,Cloud Engineer,IT,1974-04-18,2021-08-26,82749 Solis Plain Apt. 491,Vancouver,Canada,92017,572.974.2049x56121,ywright@example.net,171267,4.44,9.0
476,Nicholas,Turner,Sales Executive,Sales,1977-07-30,2024-09-11,9737 Craig Dam,Bangalore,India,17802,001-899-907-7560x8581,ramirezangela@example.com,41566,3.08,6.0
477,Christopher,Rich,Sales Manager,Sales,1970-02-10,2012-08-30,6832 Andrew Corners Apt. 378,New York,USA,49432,+1-247-512-9618,dylananderson@example.net,64659,4.62,5.0
478,Nathan,Dixon,Data Engineer,IT,1992-02-23,2011-09-30,84980 Beard Dam,Seattle,USA,42382,473.837.7731,thomasdavid@example.net,125026,3.73,1.0
479,Kathleen,Woods,Sales Representative,Sales,1975-06-15,2026-03-17,236 Pace Views,Chennai,India,34903,(906)805-6035x67932,johnboyd@example.com,55169,4.74,9.0
480,Carol,Butler,SEO Specialist,Marketing,1970-08-31,2018-12-01,205 Long Mountain,Vancouver,Canada,85719,448-995-4787x69899,christopher75@example.net,50564,3.95,9.0
481,Crystal,King,Sales Manager,Sales,2000-09-27,2022-01-15,4983 Mcintosh Islands Apt. 935,Mumbai,India,40654,458.664.4963,gloriaward@example.net,77212,2.66,3.0
482,James,Ford,HR Manager,Human Resources,2003-03-08,2017-01-07,43395 Paige Valleys,Chennai,India,65637,(336)674-9785x249,levylisa@example.com,97482,3.48,6.0
483,Jacob,Villa,HR Executive,Human Resources,1965-10-12,2012-09-08,8948 Gonzalez Center Suite 791,Manchester,UK,62939,(665)412-2150x01418,frostgloria@example.org,49894,4.86,3.0
484,Ashley,Smith,Sales Representative,Sales,1968-04-10,2022-10-15,446 Jerry River Suite 853,Seattle,USA,20385,2894532638,duncanchristina@example.com,69462,3.67,7.0
485,Cody,Bruce,HR Executive,Human Resources,1998-08-24,2013-09-04,79223 Rodriguez Garden,Chicago,USA,88471,469-896-7331x1677,wjohnson@example.com,74616,3.27,5.0
486,Travis,Clarke,Finance Manager,Finance,1979-07-08,2023-01-04,0789 Massey Rest Apt. 521,Seattle,USA,79269,001-562-863-3556x434,ryu@example.net,89874,4.57,10.0
487,Heidi,Chavez,Customer Success Manager,Customer Support,1982-03-02,2022-07-15,9556 Travis Stream,Seattle,USA,58870,(516)245-3454x72239,wdiaz@example.org,44720,2.73,4.0
488,Ruth,Davis,Software Engineer,IT,1971-09-06,2023-08-02,1847 Kelly Walks,Manchester,UK,57634,423-664-2813x190,kmcmahon@example.org,158759,3.25,3.0
489,Susan,Morrison,Customer Success Manager,Customer Support,1966-09-23,2025-04-19,14281 Tran Land,New York,USA,95293,(228)223-0524,dtaylor@example.com,51374,2.74,2.0
490,David,Hensley,Sales Representative,Sales,1976-03-02,2025-12-16,473 Thompson Creek Apt. 290,Hyderabad,India,09292,(720)847-8768x8687,alexandra62@example.net,54567,2.83,7.0
491,Linda,Clark,Data Analyst,IT,1999-07-25,2013-09-14,1966 Evans Burg Suite 730,London,UK,28756,(827)992-4632x03747,nwatson@example.com,176528,2.69,2.0
492,Susan,Sanchez,Support Engineer,Customer Support,1974-06-07,2018-08-18,145 Michael Lights,Mumbai,India,86147,(619)445-8870x71553,gaydustin@example.net,41027,4.76,6.0
493,Brian,Hicks,Marketing Executive,Marketing,2003-10-10,2016-02-22,76597 Howell Haven Suite 089,Seattle,USA,16661,976.680.8981x265,douglasherman@example.org,56009,4.81,7.0
494,Preston,Williams,Sales Executive,Sales,1991-09-06,2016-03-31,23693 Lloyd Drive Suite 894,Vancouver,Canada,28106,4129047137,millersteve@example.com,84775,3.57,6.0
495,Taylor,Huber,HR Manager,Human Resources,1990-11-18,2026-01-10,582 Drake Tunnel Apt. 306,Bangalore,India,63860,558-547-6094x412,stevenhernandez@example.org,74229,4.71,1.0
496,Michael,Newton,Marketing Manager,Marketing,2002-06-15,2020-02-29,541 Francisco Orchard Apt. 506,Chennai,India,53706,(526)870-5514x37769,satkinson@example.org,81089,3.7,2.0
497,Erik,Murphy,Accountant,Finance,1976-10-11,2017-04-10,11102 Vasquez Course Apt. 007,Manchester,UK,23775,6247559102,williamsbrandi@example.org,76143,4.11,9.0
498,Sandra,Clarke,SEO Specialist,Marketing,1965-07-28,2025-07-13,1494 Marie Haven Apt. 179,Hyderabad,India,34577,(781)479-3406,wpatrick@example.net,68534,3.7,8.0
499,Desiree,Briggs,Marketing Manager,Marketing,1986-05-29,2016-07-20,45337 Jacqueline Camp Apt. 091,Manchester,UK,19857,572-921-4559,portiz@example.net,56784,2.57,10.0
500,Briana,Pineda,Customer Success Manager,Customer Support,2003-02-17,2023-12-19,0526 Michael Causeway,Hyderabad,India,04613,462-277-6572x565,stephanieperry@example.com,38839,4.52,8.0
