product_id,product_name,supplier_id,category_id,quantity_per_unit,unit_price,units_in_stock,units_on_order,reorder_level,discontinued
1,Monitor 3286,63,5,2 pieces,1355.02,456,69,21,1
2,Laptop 2535,9,7,12 pack,469.16,308,3,81,0
3,Tablet 5557,57,7,1 piece,1518.82,81,89,64,0
4,Monitor 6514,40,5,2 pieces,190.03,49,45,54,1
5,Tablet 9785,12,5,2 pieces,1946.37,193,10,80,0
6,Monitor 2139,148,6,1 piece,1324.22,395,37,20,0
7,Headphones 8428,98,2,500 g,329.49,181,26,95,0
8,Mouse 9751,156,2,12 pack,330.99,194,34,91,1
9,Camera 1916,176,4,12 pack,1644.5,412,40,61,0
10,Camera 4483,55,2,250 ml,794.29,468,82,68,0
11,Monitor 9830,36,5,24 pack,1495.29,219,74,61,0
12,Tablet 2489,36,4,1 piece,1722.9,78,80,30,0
13,Printer 8668,99,2,500 ml,506.57,283,1,97,0
14,Camera 2827,197,5,24 pack,872.36,232,0,43,1
15,Keyboard 5889,130,3,500 ml,1219.9,78,47,30,1
16,Camera 9005,154,1,1 piece,228.18,185,39,40,0
17,Keyboard 2403,146,4,250 ml,1632.97,500,97,78,0
18,Tablet 3705,169,3,24 pack,1057.71,310,54,37,1
19,Headphones 7537,183,4,500 g,879.01,264,57,25,0
20,Camera 1344,17,4,1 L,1110.07,301,28,10,0
21,Keyboard 1514,59,1,500 g,146.36,121,35,95,0
22,Mouse 8744,139,4,12 pack,1570.32,413,52,34,0
23,Printer 6804,169,2,1 kg,825.15,442,93,16,0
24,Camera 2790,104,1,12 pack,387.22,274,57,27,0
25,Tablet 5092,72,3,2 pieces,889.05,441,70,22,0
26,Monitor 3724,24,1,1 kg,973.85,109,51,17,0
27,Printer 5345,1,7,250 ml,574.07,356,93,81,0
28,Headphones 4566,49,3,1 piece,1160.46,277,7,50,0
29,Tablet 9238,150,1,500 ml,319.08,491,65,20,0
30,Keyboard 4853,153,2,1 kg,244.17,455,72,41,1
31,Keyboard 7868,159,1,1 L,1132.63,161,33,36,0
32,Printer 3144,68,4,24 pack,917.16,475,96,19,0
33,Keyboard 2200,160,8,500 ml,430.24,135,16,54,0
34,Headphones 3584,95,4,250 ml,1668.32,360,38,88,1
35,Headphones 2697,171,1,6 pack,532.61,455,13,80,0
36,Monitor 6617,73,5,12 pack,1376.56,436,33,74,0
37,Keyboard 7939,14,5,24 pack,92.95,170,98,26,0
38,Tablet 8007,190,3,500 ml,24.29,38,88,29,1
39,Mouse 8041,95,1,6 pack,88.45,186,5,55,0
40,Keyboard 6794,171,4,500 ml,1768.85,208,79,29,0
41,Printer 1406,46,3,6 pack,1474.45,170,100,62,0
42,Keyboard 7267,41,5,1 piece,1717.89,113,25,68,0
43,Monitor 1387,59,5,12 pack,799.94,142,8,45,0
44,Camera 1452,174,7,2 pieces,1754.69,133,22,84,0
45,Printer 6663,28,1,500 g,875.61,261,14,59,1
46,Laptop 8144,66,4,1 piece,1042.24,412,68,97,0
47,Keyboard 6409,111,6,1 L,631.26,434,15,48,1
48,Printer 6344,171,5,1 kg,1395.93,283,16,34,0
49,Mouse 5930,174,7,1 kg,1098.13,0,38,46,0
50,Camera 8618,149,7,250 ml,887.11,109,65,70,0
51,Camera 2530,73,2,12 pack,1347.23,115,25,28,0
52,Tablet 2193,63,1,250 ml,831.81,322,73,34,0
53,Monitor 3417,103,8,1 piece,1785.86,440,98,23,0
54,Tablet 1822,46,4,500 ml,502.15,434,15,68,0
55,Camera 8251,171,8,1 L,1630.94,456,64,64,1
56,Tablet 8373,41,8,24 pack,1504.79,430,81,45,1
57,Monitor 5499,161,8,250 ml,159.58,146,30,44,0
58,Keyboard 3267,139,6,6 pack,466.37,355,19,100,0
59,Printer 6421,107,2,500 ml,934.52,31,26,63,0
60,Printer 8814,196,1,1 piece,1885.77,152,96,59,0
61,Monitor 5471,125,4,1 kg,973.86,199,43,95,0
62,Mouse 9751,120,3,1 piece,1814.32,303,72,94,0
63,Printer 3223,165,2,250 ml,367.55,133,48,51,0
64,Camera 7211,84,8,24 pack,1505.26,425,53,42,0
65,Laptop 6733,5,8,12 pack,1302.04,399,83,15,0
66,Laptop 3496,52,4,12 pack,256.81,342,14,82,0
67,Headphones 7043,180,8,6 pack,1213.76,493,95,24,0
68,Laptop 6111,28,5,1 L,1356.31,490,48,60,0
69,Monitor 2669,152,2,24 pack,1701.34,307,15,82,0
70,Printer 7071,137,6,2 pieces,1014.39,174,1,63,0
71,Camera 8532,111,2,6 pack,873.8,375,66,93,0
72,Printer 5397,120,8,500 g,1704.17,425,11,45,0
73,Tablet 7209,193,4,500 g,62.26,435,41,33,0
74,Headphones 6576,91,4,24 pack,1761.24,359,35,81,0
75,Monitor 7658,22,4,250 ml,1112.58,123,88,70,0
76,Keyboard 5820,5,8,12 pack,811.78,124,39,94,1
77,Camera 7971,122,6,500 ml,664.93,359,58,44,0
78,Keyboard 4155,60,5,500 g,243.51,274,97,98,0
79,Tablet 5530,56,4,1 L,1953.33,268,76,46,0
80,Monitor 6912,76,4,6 pack,608.02,362,68,26,0
81,Headphones 3068,14,1,250 ml,209.66,6,73,46,0
82,Camera 4020,113,8,1 piece,508.69,441,61,24,0
83,Keyboard 1878,126,7,6 pack,302.65,288,38,20,0
84,Printer 4697,143,2,500 ml,763.85,465,56,48,1
85,Laptop 2625,79,7,12 pack,1252.9,135,84,20,0
86,Keyboard 3564,45,4,1 piece,819.99,352,76,70,0
87,Headphones 5632,60,1,250 ml,147.0,119,33,90,1
88,Keyboard 9922,109,4,12 pack,1297.03,465,34,28,0
89,Headphones 5728,43,1,250 ml,253.09,352,38,99,0
90,Tablet 8172,129,5,2 pieces,1198.08,455,55,51,1
91,Keyboard 4750,7,5,1 L,1176.31,10,97,96,0
92,Mouse 8708,196,1,500 ml,1304.76,469,35,33,1
93,Tablet 2494,163,7,250 ml,699.18,170,41,95,0
94,Printer 9117,85,3,24 pack,1326.85,205,97,80,0
95,Camera 5135,23,8,500 g,236.26,395,51,75,0
96,Laptop 4073,106,8,500 ml,726.75,387,63,90,0
97,Headphones 9998,53,1,6 pack,1855.71,224,89,72,0
98,Monitor 3594,162,1,24 pack,1103.92,282,52,21,0
99,Keyboard 3522,119,2,250 ml,1865.64,149,65,100,0
100,Tablet 4993,124,7,250 ml,1104.77,196,24,86,1
101,Headphones 7798,18,3,500 g,1868.83,259,34,10,0
102,Tablet 3434,151,5,250 ml,1079.47,176,42,80,1
103,Camera 4090,117,7,12 pack,1145.74,119,99,62,0
104,Tablet 7246,191,6,1 kg,1976.89,405,83,29,0
105,Camera 2644,33,1,250 ml,203.92,466,58,11,0
106,Mouse 2225,168,7,250 ml,1564.14,135,43,89,0
107,Printer 6188,85,2,250 ml,1745.4,18,79,18,0
108,Keyboard 8110,59,5,2 pieces,1521.94,360,12,66,0
109,Laptop 6314,8,5,1 piece,590.27,191,55,28,0
110,Mouse 3785,145,7,6 pack,162.54,445,48,89,0
111,Mouse 4804,150,8,250 ml,1277.62,235,32,95,0
112,Mouse 2210,74,8,250 ml,1890.75,300,38,91,0
113,Headphones 4263,117,5,1 kg,1707.4,54,30,58,1
114,Headphones 5837,148,6,1 piece,1956.0,337,50,45,0
115,Tablet 5689,156,1,12 pack,1216.09,180,28,91,0
116,Mouse 2591,174,5,1 piece,621.32,225,4,84,0
117,Headphones 6352,24,3,1 kg,355.4,67,100,79,0
118,Headphones 8894,43,5,24 pack,1494.39,173,14,69,0
119,Monitor 7511,194,3,500 ml,734.72,404,50,11,0
120,Camera 5295,117,2,1 L,765.15,326,47,23,0
121,Camera 4626,7,8,2 pieces,1272.63,237,89,48,0
122,Laptop 1609,36,2,24 pack,1991.88,59,12,40,1
123,Tablet 7078,100,3,500 ml,841.16,380,93,29,0
124,Printer 5583,126,2,1 piece,1382.11,111,56,66,0
125,Camera 9920,26,6,500 g,125.8,141,24,25,0
126,Monitor 1349,170,2,1 piece,1574.66,124,16,82,0
127,Monitor 4538,196,2,12 pack,660.48,75,100,86,0
128,Mouse 9850,38,5,24 pack,1598.04,56,84,13,0
129,Monitor 6304,92,1,1 piece,352.62,26,16,63,1
130,Keyboard 8802,191,2,250 ml,1557.14,262,75,23,0
131,Laptop 9543,158,4,24 pack,918.79,493,3,17,0
132,Keyboard 9032,110,7,250 ml,151.61,41,41,87,0
133,Headphones 9984,33,2,500 g,764.9,305,67,47,0
134,Keyboard 4522,26,7,1 kg,905.85,116,52,53,0
135,Keyboard 6120,107,7,1 kg,628.48,130,47,29,0
136,Keyboard 2527,24,2,1 kg,197.65,378,47,26,1
137,Camera 3002,151,1,1 kg,710.43,340,96,64,0
138,Headphones 6761,154,5,2 pieces,1157.95,108,19,94,0
139,Camera 7022,28,4,2 pieces,1526.4,293,28,64,1
140,Headphones 1474,156,1,6 pack,550.17,390,39,53,0
141,Mouse 7566,47,1,2 pieces,288.04,324,3,21,1
142,Printer 8432,97,4,500 g,319.03,159,92,51,1
143,Mouse 3579,14,2,1 L,104.28,41,34,66,0
144,Tablet 7785,156,8,24 pack,435.06,262,14,54,0
145,Tablet 9633,73,2,24 pack,95.61,202,76,17,0
146,Monitor 3248,78,4,24 pack,582.45,61,0,73,0
147,Printer 9725,34,3,12 pack,1003.02,426,85,55,0
148,Laptop 8147,190,7,1 piece,922.21,39,40,83,0
149,Printer 5743,182,7,2 pieces,813.04,494,41,31,1
150,Camera 2443,177,8,1 kg,1689.75,124,55,85,0
151,Headphones 6562,102,2,12 pack,669.47,86,9,75,0
152,Camera 6752,199,4,6 pack,476.36,74,32,35,0
153,Keyboard 3902,195,3,250 ml,930.59,288,97,84,0
154,Camera 3473,161,6,250 ml,141.23,226,80,48,0
155,Keyboard 6085,91,1,250 ml,906.57,29,47,46,0
156,Printer 8581,158,2,1 L,1110.86,405,94,15,0
157,Tablet 9214,83,4,6 pack,1915.66,230,13,53,0
158,Monitor 8172,11,3,250 ml,1050.52,312,20,56,0
159,Printer 6543,100,5,1 L,109.47,323,82,52,0
160,Printer 5655,25,6,24 pack,1448.85,336,77,29,0
161,Mouse 6731,150,2,24 pack,1935.55,357,84,60,0
162,Printer 6381,80,2,6 pack,1341.88,424,94,97,1
163,Printer 9331,166,2,500 g,41.37,158,23,37,0
164,Monitor 3253,50,8,6 pack,158.94,432,100,22,1
165,Camera 3147,170,1,1 L,756.56,83,23,98,1
166,Tablet 1715,185,3,1 kg,731.78,368,30,66,1
167,Tablet 4833,193,5,500 ml,482.14,494,100,70,0
168,Tablet 8564,174,6,24 pack,1557.36,257,67,63,0
169,Mouse 5096,155,4,1 piece,1284.15,447,47,80,0
170,Keyboard 3626,73,2,24 pack,901.39,262,18,65,0
171,Camera 1436,116,4,1 kg,111.25,257,47,40,0
172,Monitor 1461,96,2,500 g,1862.0,429,91,93,0
173,Laptop 5700,36,3,250 ml,1393.66,71,97,100,0
174,Laptop 2298,158,8,1 piece,515.57,427,19,80,1
175,Headphones 4893,29,7,24 pack,248.09,122,53,91,1
176,Keyboard 9189,17,8,1 L,1074.43,323,65,83,0
177,Printer 1025,75,3,1 L,708.87,292,53,33,0
178,Laptop 7397,18,6,250 ml,91.85,198,47,42,0
179,Camera 4950,18,6,2 pieces,1544.15,376,96,52,0
180,Camera 3868,91,1,250 ml,1961.73,245,80,33,0
181,Tablet 1605,184,2,24 pack,407.17,405,25,15,0
182,Printer 9897,132,5,250 ml,510.36,385,82,34,0
183,Laptop 6438,200,6,24 pack,253.33,188,55,61,0
184,Mouse 9129,87,7,250 ml,737.86,408,66,44,0
185,Printer 3956,21,7,500 ml,591.06,52,10,51,0
186,Printer 3730,115,5,250 ml,706.34,21,93,55,1
187,Laptop 2229,71,7,1 kg,729.81,410,95,96,0
188,Tablet 1570,37,1,6 pack,139.13,398,82,56,0
189,Laptop 3513,146,7,250 ml,1897.9,190,56,19,1
190,Camera 7521,136,3,500 g,1300.87,127,14,13,0
191,Printer 2929,133,8,24 pack,1551.05,360,57,37,1
192,Tablet 4279,178,5,2 pieces,275.78,37,57,32,0
193,Camera 6692,175,2,2 pieces,1102.24,148,38,30,0
194,Monitor 2988,131,6,12 pack,1585.17,121,63,13,0
195,Mouse 2412,120,6,2 pieces,622.03,367,92,71,1
196,Printer 2208,197,7,6 pack,1944.9,328,9,67,0
197,Mouse 3114,33,6,1 kg,1008.21,444,7,25,1
198,Mouse 3653,78,3,500 g,1869.8,115,44,76,0
199,Monitor 5496,65,2,6 pack,1251.92,314,68,21,1
200,Mouse 3804,152,3,1 L,1442.66,309,43,82,0
201,Laptop 5336,21,1,12 pack,1535.08,213,79,91,0
202,Headphones 5949,161,8,250 ml,493.53,413,87,61,0
203,Laptop 3589,19,8,250 ml,834.17,237,26,53,1
204,Camera 6658,81,3,1 kg,265.88,189,65,81,0
205,Tablet 3007,62,6,24 pack,901.94,72,12,16,0
206,Printer 5067,158,7,6 pack,1627.89,478,73,50,0
207,Tablet 9171,128,3,24 pack,997.25,46,50,74,0
208,Camera 1797,56,4,1 piece,566.31,305,83,96,0
209,Laptop 2761,138,5,1 kg,272.2,135,93,56,0
210,Printer 1838,12,6,1 L,1125.82,185,70,46,0
211,Tablet 5582,130,7,1 L,1362.4,60,16,22,0
212,Camera 3363,87,6,12 pack,1206.91,205,64,15,0
213,Camera 8761,36,1,500 ml,916.69,310,65,27,0
214,Printer 5902,42,6,1 L,676.07,424,65,78,0
215,Laptop 7035,122,5,500 g,1349.24,213,74,49,0
216,Monitor 1841,68,8,1 L,963.5,268,80,89,0
217,Monitor 1517,175,3,1 L,1896.67,56,24,12,0
218,Mouse 7765,108,6,12 pack,823.7,396,78,70,0
219,Monitor 6325,133,3,250 ml,1053.33,160,22,68,1
220,Camera 5331,140,6,1 L,970.94,490,31,45,1
221,Headphones 5735,58,5,12 pack,1382.03,250,40,71,0
222,Keyboard 9899,74,5,1 kg,1792.04,202,44,28,0
223,Keyboard 6674,74,1,250 ml,1313.66,382,61,37,0
224,Headphones 3249,144,5,2 pieces,1233.28,300,30,41,0
225,Monitor 1860,164,4,2 pieces,829.54,367,60,22,0
226,Mouse 7666,141,1,250 ml,957.51,102,96,46,0
227,Laptop 2465,166,5,1 L,468.28,378,92,14,0
228,Laptop 7504,46,7,250 ml,376.69,383,37,14,0
229,Keyboard 6489,146,5,24 pack,911.43,328,69,77,0
230,Tablet 5470,130,3,12 pack,1618.58,169,20,68,0
231,Camera 5833,4,3,1 L,1350.43,98,22,88,0
232,Camera 2421,132,7,1 kg,1340.17,94,17,71,0
233,Headphones 7284,2,4,12 pack,896.24,136,42,48,1
234,Camera 4871,67,1,1 piece,1337.23,238,39,30,0
235,Keyboard 5833,177,5,500 g,1231.18,112,17,71,0
236,Camera 7813,192,8,500 ml,1826.03,387,68,95,0
237,Keyboard 9609,175,4,250 ml,1058.71,185,9,82,0
238,Monitor 9792,141,1,6 pack,333.25,437,66,66,0
239,Tablet 2489,184,4,500 ml,893.74,28,58,26,1
240,Laptop 8575,117,7,24 pack,1447.94,202,32,10,0
241,Printer 6644,12,2,2 pieces,1084.62,30,8,70,0
242,Mouse 3218,105,5,1 kg,752.05,456,48,67,0
243,Mouse 6697,21,7,2 pieces,361.05,275,50,77,0
244,Laptop 5888,1,4,250 ml,1348.63,278,54,78,0
245,Tablet 6671,64,4,6 pack,554.92,479,92,24,0
246,Laptop 4943,158,7,12 pack,139.25,304,4,67,1
247,Laptop 7590,63,1,250 ml,472.51,111,96,17,0
248,Camera 6253,60,5,12 pack,607.02,73,84,76,0
249,Headphones 1998,77,7,500 ml,1897.3,450,94,32,0
250,Camera 7244,13,8,500 ml,640.88,213,52,29,0
251,Tablet 4948,48,7,12 pack,604.97,362,18,69,0
252,Mouse 7363,107,7,12 pack,513.72,169,82,20,0
253,Monitor 1844,24,6,24 pack,757.45,309,77,15,0
254,Monitor 8854,195,4,12 pack,1739.6,170,38,11,0
255,Keyboard 8846,190,4,12 pack,1392.77,360,26,60,0
256,Headphones 7236,199,6,250 ml,1069.63,183,39,43,0
257,Keyboard 8692,120,8,500 g,1829.09,189,40,62,0
258,Mouse 1265,190,4,24 pack,1108.86,299,74,63,0
259,Camera 4768,51,3,1 kg,1141.73,125,63,80,0
260,Tablet 9037,196,5,250 ml,340.63,407,45,31,0
261,Laptop 9584,48,8,1 piece,1678.94,38,85,16,0
262,Monitor 2113,36,7,6 pack,23.24,258,58,57,0
263,Tablet 1257,169,8,1 piece,1066.76,210,1,12,1
264,Headphones 1280,138,5,500 ml,1627.25,345,55,32,0
265,Mouse 4948,135,2,12 pack,1241.46,129,45,44,0
266,Printer 8520,96,2,1 L,490.2,356,28,48,0
267,Printer 7213,24,1,1 kg,1107.64,28,81,11,0
268,Printer 6427,128,2,1 L,1954.77,498,12,77,0
269,Tablet 5441,55,4,1 piece,1848.7,350,35,79,1
270,Camera 1256,46,1,12 pack,1176.14,385,91,60,0
271,Monitor 7375,42,5,500 ml,666.8,386,94,27,0
272,Keyboard 8161,14,6,12 pack,1678.16,174,77,88,1
273,Camera 1485,199,7,24 pack,1568.18,230,62,39,0
274,Mouse 7227,111,7,2 pieces,1545.47,151,31,19,0
275,Printer 3527,40,5,1 kg,636.77,54,11,10,0
276,Headphones 2674,93,8,6 pack,179.16,220,57,81,1
277,Laptop 2468,27,7,500 g,1110.67,305,76,51,0
278,Printer 7353,75,1,2 pieces,1451.06,286,31,83,1
279,Printer 3777,176,3,6 pack,541.49,137,63,28,0
280,Headphones 7899,112,3,24 pack,971.04,39,46,42,0
281,Monitor 8501,153,8,2 pieces,275.3,3,50,52,1
282,Tablet 6484,85,7,1 kg,1631.87,440,83,86,0
283,Monitor 8848,83,5,500 g,359.39,203,40,47,0
284,Printer 5592,84,4,1 kg,733.21,477,72,35,1
285,Laptop 8563,175,3,12 pack,879.72,149,88,18,0
286,Headphones 4965,36,8,24 pack,1319.03,366,54,58,0
287,Tablet 7566,154,8,500 ml,1015.69,471,88,63,1
288,Keyboard 2791,93,1,12 pack,1316.92,181,21,92,1
289,Printer 6432,145,1,1 kg,216.36,50,33,38,1
290,Camera 7408,115,4,250 ml,1545.82,301,88,74,0
291,Tablet 2712,7,6,24 pack,834.87,492,10,24,0
292,Camera 8460,80,6,12 pack,1044.62,178,60,22,0
293,Keyboard 5919,82,8,1 piece,1621.32,58,2,53,0
294,Monitor 9454,190,3,6 pack,1106.06,169,71,64,0
295,Mouse 4053,104,4,1 kg,794.19,377,78,35,0
296,Laptop 4519,100,7,12 pack,560.3,360,8,83,0
297,Camera 4228,94,3,250 ml,232.34,343,62,77,0
298,Printer 2871,157,7,500 g,707.21,234,79,32,0
299,Mouse 6131,173,2,2 pieces,480.95,59,23,57,0
300,Mouse 7286,108,7,1 kg,375.58,325,68,98,0
301,Headphones 3298,126,3,6 pack,632.59,230,79,16,0
302,Mouse 4196,125,1,1 kg,1927.84,258,83,73,0
303,Tablet 9006,107,8,6 pack,169.93,15,97,38,0
304,Monitor 9808,71,1,24 pack,340.58,234,72,73,1
305,Keyboard 5389,147,2,500 ml,1647.45,187,69,15,0
306,Keyboard 5055,109,4,24 pack,1750.25,16,57,43,0
307,Keyboard 4882,113,2,12 pack,1622.35,301,88,54,1
308,Mouse 4385,43,7,12 pack,1611.85,291,44,78,0
309,Headphones 5740,83,3,1 L,538.35,439,65,96,0
310,Printer 1971,193,3,24 pack,1734.76,64,89,26,0
311,Camera 5055,183,3,1 kg,981.47,295,80,44,0
312,Keyboard 2525,116,7,1 kg,1033.65,142,88,57,0
313,Laptop 2526,84,8,250 ml,1271.51,357,45,18,1
314,Printer 4470,56,7,250 ml,540.73,424,36,53,1
315,Tablet 6631,145,3,1 piece,96.66,320,100,68,0
316,Tablet 8479,41,2,1 piece,1983.72,219,25,98,0
317,Headphones 2529,41,5,500 g,504.53,190,85,93,0
318,Headphones 4836,102,1,1 kg,1312.69,360,12,10,0
319,Mouse 4705,20,8,500 ml,1361.57,4,1,99,0
320,Mouse 8826,109,2,2 pieces,461.75,45,93,23,0
321,Headphones 3246,95,6,1 kg,1548.05,385,17,92,0
322,Laptop 3688,136,2,250 ml,705.62,109,80,29,0
323,Keyboard 2646,56,8,6 pack,1506.13,301,93,59,0
324,Mouse 5059,81,7,24 pack,1291.02,127,70,86,1
325,Laptop 5942,200,5,12 pack,1037.91,260,24,60,0
326,Tablet 7322,62,1,2 pieces,485.96,326,76,19,1
327,Camera 3162,93,1,1 kg,1722.32,291,53,56,1
328,Tablet 2195,196,3,1 piece,1176.79,7,33,37,0
329,Headphones 9209,102,1,1 kg,850.03,205,10,91,1
330,Keyboard 6077,72,3,2 pieces,1025.05,104,19,78,0
331,Keyboard 6081,151,7,1 kg,1461.27,433,30,17,0
332,Keyboard 8428,112,2,1 L,1219.62,158,85,94,0
333,Mouse 1185,4,2,6 pack,995.34,177,66,76,0
334,Mouse 5403,96,3,2 pieces,1544.0,15,42,64,0
335,Keyboard 9128,68,2,250 ml,1024.01,28,63,82,0
336,Headphones 2685,41,6,1 L,1349.87,59,29,75,0
337,Monitor 1753,4,1,250 ml,731.13,471,19,32,0
338,Camera 5067,58,7,1 kg,1832.13,163,34,19,1
339,Laptop 3938,31,6,12 pack,1609.65,23,51,18,0
340,Headphones 6362,199,5,2 pieces,1108.42,4,47,35,0
341,Monitor 8600,190,5,500 g,1185.42,252,98,35,1
342,Laptop 7718,39,4,1 piece,469.83,177,81,98,0
343,Printer 6038,1,6,2 pieces,414.36,121,53,72,0
344,Headphones 2524,183,3,1 piece,1842.94,459,66,62,0
345,Keyboard 2565,192,8,500 ml,271.36,419,50,19,1
346,Mouse 4879,112,1,24 pack,525.68,161,50,99,0
347,Headphones 4827,116,6,2 pieces,1887.39,69,99,84,0
348,Mouse 8365,28,3,250 ml,631.5,61,68,55,0
349,Tablet 5341,79,8,2 pieces,185.39,413,87,48,1
350,Camera 3430,56,1,2 pieces,1423.76,495,45,60,1
351,Headphones 5262,174,1,6 pack,67.01,207,57,81,1
352,Tablet 2669,25,4,6 pack,247.3,31,99,38,0
353,Camera 2376,103,4,1 L,1174.31,469,9,12,0
354,Tablet 3110,166,4,2 pieces,1810.63,424,42,25,0
355,Mouse 8096,13,8,1 kg,994.77,195,87,64,0
356,Mouse 5505,55,6,24 pack,894.79,76,4,88,1
357,Headphones 9173,166,4,1 kg,1766.14,245,7,21,0
358,Printer 4267,36,7,500 ml,502.05,410,69,12,0
359,Tablet 6636,123,6,1 L,1007.27,198,34,33,0
360,Monitor 1480,153,6,24 pack,121.89,241,67,55,1
361,Keyboard 5060,41,4,12 pack,536.72,417,94,17,0
362,Mouse 3885,91,7,12 pack,1187.08,412,94,99,0
363,Camera 3328,181,1,1 L,1897.0,428,63,79,0
364,Laptop 2478,126,3,1 piece,469.08,112,2,77,0
365,Monitor 3137,85,1,500 g,1435.29,470,41,17,0
366,Mouse 2817,151,3,500 ml,1722.04,491,9,57,0
367,Headphones 6285,87,2,6 pack,1951.84,374,55,91,0
368,Camera 4657,45,6,1 L,1629.84,193,39,98,0
369,Laptop 7415,46,3,1 L,69.6,308,40,88,0
370,Mouse 6425,128,2,2 pieces,479.8,163,21,91,0
371,Laptop 5345,115,6,12 pack,502.83,34,44,42,0
372,Printer 8179,13,1,1 kg,1938.36,452,52,73,0
373,Printer 2661,140,6,250 ml,1578.52,295,83,97,0
374,Keyboard 1547,116,3,24 pack,45.06,133,13,19,0
375,Mouse 2228,97,3,500 ml,1883.96,500,11,53,1
376,Laptop 8066,181,8,6 pack,1216.6,222,20,16,0
377,Monitor 7705,53,6,500 ml,1445.47,373,69,43,0
378,Keyboard 1813,61,5,1 kg,1145.68,430,62,29,0
379,Printer 2435,1,6,24 pack,1648.68,320,76,71,0
380,Monitor 3798,7,2,24 pack,1954.23,242,14,49,0
381,Headphones 2493,126,8,500 ml,778.12,189,48,57,0
382,Headphones 8204,12,8,250 ml,530.48,428,34,82,0
383,Keyboard 2404,193,3,500 g,1617.32,211,96,85,0
384,Printer 9773,100,1,250 ml,1147.57,120,60,48,0
385,Laptop 9226,183,7,1 L,1801.41,409,73,96,1
386,Tablet 3832,31,3,6 pack,1944.47,413,24,26,0
387,Printer 4308,21,7,6 pack,1669.05,132,40,18,0
388,Printer 6343,143,7,24 pack,1041.78,469,1,99,1
389,Printer 3451,29,7,6 pack,1135.35,298,97,22,0
390,Camera 7732,74,2,24 pack,769.17,248,73,87,0
391,Headphones 7602,45,1,6 pack,1238.4,348,88,61,0
392,Monitor 1807,85,7,250 ml,1842.07,459,47,12,0
393,Headphones 9054,80,5,2 pieces,1945.13,116,17,48,0
394,Printer 2462,69,6,12 pack,886.22,467,52,72,1
395,Mouse 2075,15,6,24 pack,1420.59,206,17,77,1
396,Monitor 4288,45,1,1 piece,502.73,233,6,56,0
397,Tablet 9275,95,5,1 kg,1272.64,63,87,13,0
398,Tablet 3909,126,6,250 ml,1175.83,179,44,30,0
399,Laptop 7333,73,2,1 piece,330.0,292,99,37,0
400,Monitor 5408,174,4,1 kg,1029.0,442,99,97,0
401,Mouse 1138,34,8,12 pack,508.52,412,39,100,0
402,Camera 8520,97,7,24 pack,440.33,154,86,76,1
403,Keyboard 1120,150,7,500 ml,1998.86,494,47,81,1
404,Keyboard 8892,77,5,2 pieces,675.89,141,81,51,0
405,Headphones 4086,168,5,6 pack,1037.0,123,7,86,0
406,Mouse 1417,175,6,250 ml,1994.95,132,53,61,0
407,Monitor 6622,150,1,12 pack,1374.2,326,100,70,0
408,Mouse 5813,44,5,2 pieces,944.21,379,33,81,0
409,Keyboard 4641,168,6,500 g,450.54,446,39,63,0
410,Headphones 8598,67,6,2 pieces,943.72,443,81,84,1
411,Monitor 9199,121,2,2 pieces,1735.66,195,67,48,0
412,Mouse 4281,39,1,500 g,821.34,291,58,28,0
413,Keyboard 8988,200,3,500 g,1263.91,90,40,91,0
414,Headphones 4430,116,1,6 pack,1154.68,81,62,21,0
415,Printer 7609,163,7,1 kg,1930.83,196,0,14,1
416,Camera 1230,188,4,500 g,1514.91,271,24,12,0
417,Camera 6113,58,4,6 pack,209.9,257,75,49,0
418,Headphones 5764,12,2,250 ml,1457.02,305,67,53,0
419,Tablet 6885,88,3,12 pack,333.94,464,51,12,0
420,Mouse 4460,187,4,1 piece,1181.44,86,15,56,0
421,Headphones 9761,164,7,1 L,101.93,24,84,23,0
422,Keyboard 7828,177,1,250 ml,763.61,280,32,70,0
423,Laptop 5933,178,4,1 kg,1325.02,339,66,44,1
424,Keyboard 9381,108,3,1 L,239.88,58,100,23,0
425,Monitor 5308,156,4,500 ml,1946.37,183,90,62,0
426,Tablet 4402,11,3,250 ml,664.55,1,1,95,0
427,Tablet 3443,147,2,2 pieces,1560.15,38,92,22,0
428,Headphones 5327,117,4,250 ml,104.91,416,22,15,0
429,Camera 7979,174,6,2 pieces,194.52,388,5,11,0
430,Camera 8171,85,3,1 L,540.28,375,11,57,0
431,Printer 7557,30,3,250 ml,547.31,197,88,71,0
432,Mouse 1960,29,3,6 pack,211.91,466,75,71,1
433,Printer 6875,47,8,1 L,62.49,350,93,26,0
434,Printer 8220,29,8,1 piece,131.36,335,40,11,1
435,Camera 9504,172,4,500 ml,1378.04,316,12,65,0
436,Printer 3435,89,8,500 ml,1784.66,313,6,11,0
437,Mouse 2226,127,8,250 ml,644.66,169,35,16,1
438,Printer 7607,141,4,12 pack,162.27,227,73,67,0
439,Camera 2944,115,8,250 ml,1491.75,9,13,61,0
440,Laptop 2489,143,1,1 L,1926.53,326,38,75,1
441,Tablet 6584,168,4,500 g,1651.5,418,28,68,0
442,Camera 8414,184,8,2 pieces,199.39,337,28,10,0
443,Headphones 9973,163,6,500 ml,750.91,54,5,31,0
444,Printer 2752,184,3,24 pack,1223.65,96,15,60,0
445,Camera 2765,49,8,1 kg,97.77,324,86,85,0
446,Mouse 9172,118,8,1 piece,1063.08,24,70,65,1
447,Mouse 3845,131,8,6 pack,211.59,336,76,87,0
448,Monitor 5482,108,7,1 kg,1927.37,496,37,67,0
449,Headphones 9975,106,3,500 g,1425.19,478,70,90,0
450,Headphones 6657,54,4,6 pack,1962.76,332,22,74,1
451,Keyboard 6771,182,6,500 ml,963.34,292,85,100,0
452,Laptop 9564,109,5,2 pieces,55.42,74,6,95,0
453,Mouse 5695,69,4,24 pack,297.12,31,88,47,0
454,Tablet 2679,92,1,1 L,1736.73,378,71,38,1
455,Headphones 1769,61,7,1 kg,778.17,489,100,97,0
456,Headphones 4327,4,1,1 L,1738.36,440,56,38,0
457,Monitor 5819,199,4,250 ml,358.96,349,9,33,0
458,Laptop 8020,97,2,24 pack,1115.41,66,20,84,0
459,Tablet 3536,85,1,1 piece,311.64,165,76,16,1
460,Camera 2194,126,5,500 g,1053.16,489,23,76,0
461,Printer 2506,107,3,500 g,446.29,109,84,52,0
462,Monitor 9691,76,6,250 ml,1993.28,421,96,93,0
463,Camera 8301,172,2,12 pack,1809.47,314,79,41,0
464,Keyboard 7322,98,6,24 pack,1082.77,144,3,76,0
465,Laptop 5856,125,8,12 pack,644.02,42,12,31,1
466,Keyboard 4453,161,1,12 pack,1730.58,217,13,36,1
467,Keyboard 3519,166,7,1 piece,921.15,169,4,21,0
468,Headphones 2154,46,1,1 L,1644.13,466,33,62,0
469,Printer 8094,162,8,500 g,38.7,344,15,78,0
470,Laptop 2189,194,2,500 g,1856.46,54,37,97,0
471,Tablet 7249,73,2,1 kg,1645.13,15,60,30,1
472,Printer 9941,35,4,24 pack,1920.47,73,38,96,0
473,Mouse 3019,142,1,1 piece,15.03,305,50,78,1
474,Monitor 6633,79,2,12 pack,828.25,330,65,28,0
475,Headphones 4183,57,3,2 pieces,366.81,409,72,16,1
476,Keyboard 5762,166,8,2 pieces,505.12,101,92,84,0
477,Mouse 4842,92,6,2 pieces,573.85,35,24,50,0
478,Headphones 3496,85,8,1 L,1135.89,413,40,64,0
479,Monitor 4629,81,1,1 kg,556.98,184,17,96,0
480,Tablet 6877,119,8,24 pack,976.51,55,22,92,1
481,Mouse 9824,72,2,12 pack,530.15,453,80,19,0
482,Laptop 7637,130,1,1 L,429.46,18,70,43,1
483,Mouse 6993,168,8,1 kg,450.5,395,75,47,0
484,Keyboard 7500,129,8,500 g,1006.82,339,30,88,0
485,Mouse 3935,115,3,1 L,1897.68,337,18,71,0
486,Tablet 4796,57,1,2 pieces,532.39,119,5,95,0
487,Tablet 8448,100,6,1 piece,84.61,332,41,23,1
488,Headphones 9918,190,5,1 L,351.83,334,48,56,1
489,Headphones 7165,133,2,12 pack,1035.16,180,44,72,0
490,Mouse 8207,129,1,6 pack,463.83,263,82,45,0
491,Mouse 6934,48,3,1 L,1436.02,60,84,39,0
492,Keyboard 8889,185,6,250 ml,960.65,302,20,92,0
493,Laptop 3095,63,1,1 L,1186.73,68,80,75,0
494,Mouse 5231,15,3,6 pack,1035.7,207,76,82,0
495,Monitor 8359,22,5,1 L,1985.59,444,61,31,0
496,Mouse 3979,154,7,1 L,1321.0,135,21,97,0
497,Keyboard 4765,153,8,1 kg,774.0,55,2,35,1
498,Keyboard 3906,39,7,250 ml,1803.71,307,4,78,1
499,Tablet 3135,24,2,1 L,1080.88,0,99,96,0
500,Laptop 9680,95,7,1 kg,462.83,410,61,58,0
501,Mouse 5170,109,2,250 ml,1532.89,465,10,46,1
502,Monitor 1089,66,7,1 piece,1158.08,60,66,10,0
503,Camera 7698,177,4,500 g,217.63,218,83,84,0
504,Printer 6990,138,5,1 L,554.74,348,50,36,0
505,Camera 8925,46,8,24 pack,1977.07,295,44,100,0
506,Keyboard 4764,169,3,250 ml,1567.3,486,20,22,0
507,Laptop 3633,87,7,1 kg,1929.32,2,11,28,0
508,Keyboard 5310,23,7,12 pack,744.82,311,4,59,0
509,Laptop 3871,183,5,250 ml,880.75,103,84,76,0
510,Monitor 3776,9,4,1 piece,722.68,335,0,30,0
511,Printer 6785,200,5,1 kg,813.87,102,66,11,0
512,Headphones 6703,141,2,500 g,1926.76,141,28,87,0
513,Laptop 5277,104,8,6 pack,817.23,54,71,19,1
514,Keyboard 9409,88,5,24 pack,1752.85,416,73,42,0
515,Tablet 4985,145,7,500 g,1922.67,234,87,68,1
516,Keyboard 5224,124,1,2 pieces,768.43,403,28,96,0
517,Camera 9462,106,6,500 ml,24.4,426,33,41,0
518,Camera 2245,103,2,500 ml,1863.14,243,40,55,0
519,Monitor 9175,47,5,12 pack,473.55,123,33,36,0
520,Camera 3555,64,4,2 pieces,244.16,40,86,94,0
521,Laptop 8901,196,1,500 g,1243.23,252,73,45,0
522,Headphones 7518,196,3,12 pack,1501.59,65,6,77,0
523,Laptop 9232,139,8,500 g,790.47,351,99,32,0
524,Tablet 6171,179,2,1 piece,28.58,107,48,84,0
525,Headphones 4066,93,6,500 ml,529.38,137,60,88,0
526,Tablet 7945,48,6,12 pack,841.09,385,47,56,0
527,Mouse 3148,116,5,1 L,1373.59,416,12,44,0
528,Monitor 3389,98,7,6 pack,948.61,4,22,63,0
529,Camera 8972,162,3,24 pack,505.69,439,72,16,0
530,Mouse 1983,177,2,12 pack,1628.57,243,80,22,0
531,Camera 6903,67,6,500 ml,1117.2,414,32,54,0
532,Camera 4259,32,7,1 L,1153.91,332,68,32,0
533,Tablet 8322,84,6,2 pieces,765.24,146,59,90,0
534,Camera 7911,164,3,1 L,1145.42,434,9,20,0
535,Camera 6191,59,6,24 pack,1422.31,309,82,60,0
536,Camera 9535,200,8,250 ml,830.91,94,2,26,0
537,Keyboard 4450,191,5,6 pack,797.11,48,8,70,1
538,Printer 9584,7,1,2 pieces,212.34,316,19,20,0
539,Monitor 5655,59,5,250 ml,1254.83,67,67,31,0
540,Camera 6328,170,1,250 ml,937.05,445,69,44,1
541,Mouse 8480,35,8,1 L,872.78,327,81,78,0
542,Monitor 2467,124,6,250 ml,619.2,211,33,29,0
543,Mouse 6634,1,1,24 pack,941.05,4,88,72,0
544,Printer 5799,3,5,1 L,466.27,3,70,57,0
545,Printer 7467,144,7,12 pack,330.72,377,82,59,0
546,Keyboard 7917,68,4,12 pack,1035.64,409,78,98,0
547,Headphones 7765,167,5,12 pack,1707.7,93,17,47,0
548,Tablet 5458,159,8,1 L,986.53,164,2,29,0
549,Keyboard 5622,48,1,24 pack,254.45,224,93,11,0
550,Laptop 9086,39,2,12 pack,687.12,159,100,73,0
551,Laptop 6410,179,8,2 pieces,1687.87,487,18,17,0
552,Tablet 3975,19,7,12 pack,1791.92,128,48,11,0
553,Tablet 5049,99,4,1 piece,402.36,376,98,22,1
554,Printer 6113,122,4,500 g,321.43,372,5,80,1
555,Tablet 5895,65,2,12 pack,724.05,26,85,37,0
556,Printer 6316,163,4,1 piece,338.88,141,74,25,0
557,Laptop 8786,3,4,1 L,314.21,394,11,41,0
558,Camera 1983,24,8,1 piece,714.26,78,89,78,0
559,Monitor 6189,125,3,500 ml,1578.18,387,44,66,0
560,Printer 6868,177,1,6 pack,505.14,20,62,100,0
561,Tablet 4109,139,5,1 L,377.32,178,41,69,0
562,Mouse 8362,18,3,24 pack,1639.74,277,46,68,0
563,Mouse 1306,188,7,1 L,1714.37,397,79,40,0
564,Printer 4110,169,2,500 ml,1368.03,392,70,29,1
565,Printer 6276,83,5,2 pieces,197.03,337,8,15,0
566,Monitor 2753,9,3,250 ml,387.28,16,73,92,0
567,Headphones 1804,135,8,500 g,445.34,367,9,11,0
568,Tablet 1994,21,8,500 g,1118.25,480,53,57,0
569,Laptop 2153,136,5,24 pack,160.48,110,66,22,0
570,Printer 4104,137,4,12 pack,1054.75,127,72,90,0
571,Keyboard 6864,192,7,250 ml,1406.59,218,13,31,0
572,Camera 3591,130,7,500 ml,1996.87,226,45,50,1
573,Printer 8054,96,6,500 g,1218.78,288,69,37,0
574,Tablet 8331,93,5,1 kg,5.39,17,36,86,0
575,Laptop 5920,78,3,12 pack,433.57,161,2,98,0
576,Laptop 8542,25,3,500 g,316.43,135,46,84,0
577,Headphones 2505,66,4,1 L,802.6,469,27,19,0
578,Tablet 2562,45,8,1 L,1286.3,19,93,83,0
579,Laptop 6478,200,2,500 g,1760.19,222,53,25,0
580,Printer 1886,163,1,24 pack,1051.14,163,69,82,0
581,Monitor 3509,129,6,1 piece,1348.9,201,57,86,1
582,Printer 5747,57,2,1 kg,300.28,172,10,70,1
583,Printer 5301,141,1,2 pieces,800.06,222,99,99,0
584,Monitor 8993,124,3,1 kg,1306.24,100,71,88,1
585,Keyboard 5362,63,4,1 kg,650.21,473,73,21,0
586,Camera 6706,109,7,12 pack,644.87,304,83,13,0
587,Tablet 3389,90,3,250 ml,94.53,418,29,35,0
588,Keyboard 2841,194,3,1 piece,489.88,317,18,46,0
589,Keyboard 5999,178,6,250 ml,945.02,169,26,78,0
590,Headphones 9991,140,4,250 ml,1247.97,72,88,99,0
591,Laptop 5185,150,7,6 pack,124.92,102,89,89,0
592,Laptop 2091,120,1,1 kg,1322.44,339,84,56,0
593,Printer 4787,75,1,1 kg,1019.54,363,12,50,0
594,Monitor 9202,48,2,250 ml,1123.57,364,2,15,0
595,Tablet 7445,86,5,6 pack,41.65,350,45,55,0
596,Headphones 2015,129,4,24 pack,1757.96,455,3,81,0
597,Camera 7436,39,4,6 pack,180.15,195,66,96,1
598,Monitor 3502,107,4,1 kg,1941.22,465,77,52,0
599,Mouse 9869,53,3,12 pack,1725.86,158,88,100,1
600,Mouse 3589,111,3,500 g,140.29,272,92,25,0
601,Laptop 6221,38,6,1 kg,1922.59,155,56,91,0
602,Monitor 2749,200,3,6 pack,373.57,390,78,88,0
603,Monitor 4783,153,4,1 piece,721.73,352,99,71,0
604,Camera 4014,183,8,1 kg,985.43,70,20,34,0
605,Laptop 5421,105,1,1 kg,449.0,343,25,36,0
606,Tablet 6323,113,3,250 ml,1775.74,218,51,15,1
607,Camera 7457,185,7,1 L,1878.58,292,76,78,1
608,Keyboard 8399,134,1,250 ml,1654.89,21,31,76,1
609,Laptop 7347,189,7,500 ml,1531.49,492,6,34,0
610,Headphones 5684,102,8,250 ml,337.14,150,78,16,1
611,Tablet 2481,119,3,500 ml,230.78,398,74,99,1
612,Printer 6299,101,3,250 ml,54.7,232,75,35,0
613,Camera 3686,65,2,2 pieces,186.93,361,57,91,0
614,Printer 9383,135,2,1 L,1899.76,193,70,58,0
615,Mouse 3656,86,3,6 pack,361.84,364,6,63,0
616,Tablet 5731,187,5,6 pack,239.52,67,25,10,1
617,Tablet 9153,4,5,250 ml,1089.28,2,77,73,0
618,Tablet 8434,151,4,1 kg,886.54,307,76,10,0
619,Monitor 1801,159,5,6 pack,300.77,334,44,14,0
620,Headphones 6424,171,1,2 pieces,102.82,213,22,30,0
621,Camera 1587,117,3,2 pieces,1538.18,165,47,58,0
622,Keyboard 5797,141,7,250 ml,273.42,355,35,52,1
623,Monitor 4425,135,7,1 L,121.08,292,93,90,1
624,Headphones 7996,124,2,1 L,1696.36,132,67,83,1
625,Tablet 9514,34,6,250 ml,987.55,92,78,39,0
626,Keyboard 1392,1,4,250 ml,1252.79,60,94,36,1
627,Laptop 6468,106,7,500 g,1123.03,326,27,11,0
628,Keyboard 6042,66,5,24 pack,1015.85,165,98,10,0
629,Printer 1477,88,6,6 pack,392.06,426,43,96,0
630,Mouse 8888,10,8,6 pack,1256.26,456,68,52,0
631,Laptop 9537,191,7,24 pack,1132.06,347,40,81,1
632,Camera 6793,54,1,2 pieces,1939.38,143,3,53,0
633,Printer 4070,147,3,1 L,238.11,400,96,49,0
634,Printer 2422,70,1,250 ml,1754.71,190,57,48,0
635,Keyboard 7131,45,5,1 piece,1556.69,467,11,66,1
636,Mouse 4116,124,1,500 g,1847.66,375,67,49,0
637,Keyboard 9456,197,3,6 pack,414.35,18,58,59,1
638,Headphones 1721,2,2,1 L,1744.39,170,59,15,0
639,Headphones 4438,6,5,500 g,405.11,146,35,78,0
640,Keyboard 5467,172,8,6 pack,319.2,58,1,89,1
641,Camera 6218,53,2,24 pack,287.41,360,36,83,0
642,Headphones 6549,19,3,500 ml,890.08,66,3,70,0
643,Laptop 2410,99,2,1 kg,786.87,360,76,85,0
644,Camera 4246,80,6,500 ml,161.7,472,96,69,1
645,Tablet 2593,24,3,250 ml,624.23,329,90,69,0
646,Mouse 5227,58,4,500 g,787.19,358,85,52,0
647,Laptop 2070,125,8,250 ml,230.21,245,59,31,0
648,Mouse 9322,155,6,2 pieces,814.34,365,13,51,1
649,Tablet 7566,78,2,1 L,829.82,317,31,80,0
650,Keyboard 6582,99,8,12 pack,1628.76,302,55,65,1
651,Monitor 3835,140,6,2 pieces,1480.04,364,73,72,0
652,Keyboard 8294,84,8,6 pack,619.53,207,8,86,0
653,Tablet 2007,84,7,2 pieces,439.14,71,74,91,0
654,Mouse 8421,170,3,500 ml,586.55,315,73,67,0
655,Camera 5910,175,4,1 L,1589.72,347,38,65,0
656,Laptop 9362,150,2,1 kg,1696.04,436,37,17,0
657,Camera 2797,1,1,24 pack,1732.03,120,55,99,1
658,Camera 7271,161,7,1 kg,766.22,279,27,94,0
659,Monitor 7301,36,8,500 g,1680.73,78,36,95,0
660,Keyboard 1257,3,3,6 pack,1444.07,249,84,65,0
661,Printer 8471,36,2,1 L,1860.97,319,23,68,1
662,Tablet 7303,142,7,500 g,455.35,217,77,10,1
663,Monitor 9220,188,8,24 pack,824.62,279,73,56,0
664,Tablet 7038,146,1,2 pieces,1162.64,492,88,20,0
665,Keyboard 9574,120,5,1 L,181.45,241,80,94,0
666,Laptop 6628,157,5,500 ml,1558.16,240,58,75,0
667,Camera 5827,108,6,24 pack,339.18,355,76,48,1
668,Tablet 3770,16,5,1 L,107.98,149,94,89,0
669,Keyboard 3077,125,5,500 ml,158.34,401,35,42,0
670,Headphones 1232,71,5,2 pieces,1209.62,465,75,29,0
671,Headphones 4869,45,6,250 ml,365.71,270,4,53,0
672,Mouse 9125,153,3,1 kg,1541.88,121,84,66,0
673,Camera 1890,148,4,24 pack,1512.19,59,6,31,0
674,Headphones 8803,122,7,500 ml,471.15,349,90,59,0
675,Printer 1194,38,5,24 pack,1854.81,229,48,96,0
676,Camera 8074,25,1,1 L,1836.49,439,34,52,0
677,Headphones 7408,26,5,250 ml,1547.44,383,30,96,1
678,Camera 3947,134,4,500 g,1097.49,344,1,18,0
679,Keyboard 8306,26,7,500 g,442.74,145,32,34,0
680,Keyboard 1931,159,1,1 L,1314.93,427,27,86,0
681,Mouse 7159,23,2,1 L,1607.38,94,14,99,0
682,Tablet 2240,76,5,250 ml,1845.78,141,98,64,0
683,Keyboard 5543,42,5,1 piece,768.68,170,7,43,0
684,Keyboard 9056,113,3,12 pack,1222.55,91,82,72,0
685,Printer 4578,139,3,1 L,1288.46,467,56,43,0
686,Keyboard 5105,19,1,250 ml,42.44,254,19,93,0
687,Printer 5365,171,1,6 pack,1401.61,463,50,83,0
688,Printer 7617,123,8,2 pieces,1082.56,1,49,98,0
689,Camera 6463,146,2,24 pack,804.23,323,82,21,0
690,Tablet 5750,21,6,12 pack,357.35,20,49,94,0
691,Printer 2749,179,5,500 g,975.57,453,80,66,0
692,Monitor 1415,10,3,1 L,480.78,199,8,79,0
693,Tablet 1268,137,8,1 piece,681.87,172,100,15,0
694,Tablet 9791,55,2,6 pack,1483.4,119,9,14,0
695,Laptop 8720,168,8,1 L,96.37,359,83,26,0
696,Laptop 6035,162,3,2 pieces,915.09,87,75,18,0
697,Monitor 2033,128,2,12 pack,855.29,415,94,96,0
698,Mouse 6268,31,6,12 pack,1529.63,303,22,52,0
699,Mouse 7801,71,2,6 pack,1394.11,283,21,66,0
700,Keyboard 7162,35,1,6 pack,36.18,249,10,10,0
701,Headphones 7819,23,3,250 ml,1386.25,105,18,91,0
702,Monitor 3859,106,8,1 L,1384.89,305,23,73,1
703,Headphones 6699,161,2,1 kg,14.12,120,24,25,1
704,Camera 9842,159,2,500 ml,442.46,394,80,94,0
705,Monitor 2846,14,5,6 pack,1372.06,495,60,73,0
706,Laptop 1885,172,3,500 g,573.7,222,32,52,1
707,Keyboard 1859,12,8,500 ml,355.9,402,3,72,1
708,Monitor 8287,19,2,1 L,1161.62,214,25,96,0
709,Keyboard 6343,200,4,12 pack,200.64,377,52,35,0
710,Tablet 8936,19,4,1 piece,1781.53,74,27,88,0
711,Camera 3234,100,3,250 ml,1441.04,323,45,44,0
712,Laptop 1977,33,6,24 pack,277.32,436,59,68,0
713,Camera 4602,195,3,24 pack,1209.25,404,81,88,0
714,Printer 9548,23,4,250 ml,1725.09,110,75,70,0
715,Printer 5041,4,5,12 pack,657.96,296,28,85,0
716,Laptop 1656,107,1,250 ml,1468.29,258,4,64,1
717,Keyboard 8412,123,7,250 ml,484.82,285,96,11,0
718,Camera 5846,34,4,12 pack,1297.04,46,2,71,0
719,Tablet 1399,181,3,250 ml,930.2,70,90,61,0
720,Tablet 1022,161,6,2 pieces,772.83,353,42,77,0
721,Headphones 9887,110,5,1 L,1589.99,403,87,20,1
722,Laptop 9433,189,6,500 g,1776.52,56,49,56,0
723,Camera 3871,94,1,500 ml,1411.22,287,90,36,0
724,Keyboard 8839,62,6,1 L,1742.91,359,26,38,0
725,Printer 5540,69,6,1 piece,131.42,176,57,72,1
726,Headphones 8405,121,2,1 L,739.45,344,88,18,0
727,Keyboard 7400,23,8,6 pack,580.3,489,9,23,0
728,Mouse 9131,29,5,6 pack,1750.61,266,80,12,0
729,Mouse 8764,175,7,500 g,843.16,377,82,12,0
730,Laptop 4806,17,4,500 ml,1291.12,210,74,53,0
731,Tablet 8503,152,8,24 pack,1136.67,459,39,31,0
732,Camera 5720,124,4,1 piece,300.93,145,58,31,1
733,Headphones 3986,183,3,6 pack,1679.47,354,85,29,0
734,Laptop 6187,30,4,1 L,257.31,133,47,33,0
735,Camera 6633,171,1,6 pack,748.97,276,20,78,0
736,Printer 9182,7,2,6 pack,1895.84,475,40,29,0
737,Headphones 8764,166,6,24 pack,1939.36,386,73,95,0
738,Keyboard 8847,87,8,1 piece,283.15,282,14,49,0
739,Monitor 8306,159,7,500 g,189.5,28,77,92,0
740,Headphones 4206,197,4,1 piece,171.76,434,57,96,0
741,Tablet 6206,50,7,1 L,1212.13,483,7,95,0
742,Printer 7056,38,7,1 kg,748.8,145,44,54,0
743,Keyboard 4533,144,8,250 ml,1484.35,212,56,46,0
744,Printer 3286,187,7,1 L,1197.88,73,26,48,0
745,Printer 2449,17,6,1 piece,821.87,468,34,63,0
746,Mouse 4264,182,8,6 pack,1665.41,148,70,72,0
747,Headphones 9095,150,5,500 ml,1481.01,114,3,10,0
748,Tablet 3034,77,5,24 pack,837.23,251,88,92,0
749,Headphones 9078,31,1,2 pieces,1199.79,185,74,71,1
750,Tablet 2959,67,7,500 g,1027.49,294,2,43,0
751,Camera 8553,38,1,6 pack,717.98,27,34,56,0
752,Headphones 5778,13,6,500 ml,1279.7,39,65,34,0
753,Mouse 9908,154,2,500 g,1745.52,423,87,48,0
754,Camera 3354,25,6,1 piece,278.21,144,47,72,0
755,Keyboard 4569,42,6,6 pack,1009.25,425,24,81,1
756,Tablet 2251,107,2,2 pieces,1638.6,472,2,71,0
757,Camera 3277,177,5,250 ml,1780.0,305,66,53,0
758,Keyboard 4643,8,5,6 pack,1714.35,72,88,39,0
759,Mouse 2287,54,3,1 kg,1383.18,401,14,19,0
760,Printer 1696,194,8,12 pack,220.1,406,84,75,1
761,Keyboard 5145,121,1,1 piece,137.16,341,1,22,0
762,Monitor 4027,151,4,500 g,63.37,74,95,45,1
763,Mouse 9202,91,6,1 L,487.44,291,8,22,1
764,Monitor 4138,136,1,24 pack,347.69,386,68,10,0
765,Tablet 7004,130,4,1 L,374.33,344,13,33,0
766,Monitor 9425,109,7,12 pack,818.12,389,40,25,0
767,Mouse 9123,134,2,500 g,1410.94,285,92,15,0
768,Keyboard 7304,127,6,24 pack,916.61,376,39,97,0
769,Printer 5761,142,4,1 kg,381.63,35,60,96,0
770,Tablet 2723,4,3,1 kg,878.93,337,86,20,0
771,Printer 2666,102,3,6 pack,134.1,499,25,53,0
772,Monitor 7958,32,7,250 ml,560.64,365,98,84,1
773,Printer 6834,194,5,250 ml,1335.02,486,51,72,1
774,Tablet 2770,38,5,2 pieces,505.13,254,29,90,0
775,Laptop 2117,26,1,250 ml,1357.82,497,22,58,1
776,Headphones 2578,40,6,2 pieces,1323.86,266,98,73,0
777,Tablet 9032,76,4,500 ml,527.02,175,69,79,0
778,Keyboard 7285,111,1,250 ml,632.55,192,56,68,0
779,Headphones 3689,46,1,250 ml,864.21,159,91,59,0
780,Tablet 9837,146,2,1 L,942.29,287,20,74,0
781,Tablet 7189,68,7,1 L,1354.59,392,36,51,0
782,Laptop 3100,152,1,500 g,701.01,379,74,13,0
783,Printer 6654,25,7,500 g,826.8,28,84,41,0
784,Headphones 2391,166,4,2 pieces,1738.54,58,43,31,0
785,Tablet 7921,10,6,1 L,1031.95,215,34,12,0
786,Printer 7394,82,1,500 g,1147.21,413,62,22,0
787,Camera 3730,128,6,1 L,602.54,496,55,35,0
788,Monitor 5708,138,2,24 pack,99.83,293,51,38,1
789,Keyboard 6518,184,2,24 pack,139.2,410,67,70,0
790,Keyboard 5945,89,4,500 ml,1609.23,221,84,79,0
791,Printer 5116,107,4,1 L,1033.16,343,97,80,0
792,Mouse 9178,161,1,12 pack,1323.31,421,95,69,0
793,Laptop 9556,145,7,12 pack,731.73,75,30,29,0
794,Camera 2055,106,7,12 pack,1692.7,136,36,92,0
795,Monitor 7649,176,5,12 pack,231.55,98,3,41,0
796,Printer 7914,125,8,1 piece,407.97,139,17,13,0
797,Mouse 1691,169,5,250 ml,1565.56,28,10,50,1
798,Printer 6954,17,5,2 pieces,796.81,429,92,27,0
799,Keyboard 9551,147,2,1 L,1899.6,476,67,42,0
800,Keyboard 6134,61,2,500 g,1665.51,377,49,40,0
801,Keyboard 3869,37,4,12 pack,1940.0,225,52,42,1
802,Camera 2850,126,1,500 g,1093.76,243,87,41,0
803,Tablet 7025,93,3,24 pack,47.04,495,77,14,0
804,Printer 6067,65,4,500 g,1806.8,350,15,78,0
805,Laptop 7438,100,8,24 pack,605.27,479,96,40,0
806,Tablet 6196,42,4,1 kg,1579.69,140,10,72,0
807,Printer 2644,86,7,6 pack,1398.47,259,8,55,0
808,Laptop 1853,117,6,6 pack,1262.16,405,82,27,0
809,Headphones 6140,52,7,1 L,169.05,80,31,76,0
810,Tablet 8837,82,7,6 pack,525.06,351,75,51,0
811,Printer 7022,22,4,6 pack,790.02,193,73,38,0
812,Monitor 2457,143,1,250 ml,400.54,359,21,16,0
813,Headphones 3445,154,7,2 pieces,1916.28,87,72,25,0
814,Tablet 9096,198,7,2 pieces,452.85,104,24,44,0
815,Mouse 8066,98,8,12 pack,1202.17,421,36,96,0
816,Printer 3391,47,7,1 piece,583.93,134,30,89,0
817,Tablet 2404,95,4,1 piece,940.42,446,41,98,0
818,Printer 7935,183,4,1 L,516.17,48,71,17,0
819,Tablet 6804,61,6,1 L,1878.95,495,76,100,0
820,Printer 5956,65,1,1 kg,1344.17,67,71,15,1
821,Mouse 9253,67,3,250 ml,1861.0,449,59,26,0
822,Printer 3323,182,6,24 pack,238.1,22,16,73,0
823,Headphones 5312,111,6,1 L,1660.03,474,33,76,0
824,Camera 9049,43,7,6 pack,1113.57,472,84,91,0
825,Mouse 1894,49,1,12 pack,370.37,240,33,30,0
826,Tablet 1668,30,7,250 ml,716.26,363,71,72,0
827,Mouse 3025,29,8,500 g,191.69,444,36,33,0
828,Monitor 1067,145,5,500 ml,1534.86,92,53,19,0
829,Keyboard 6384,174,8,1 piece,572.14,348,15,60,0
830,Mouse 1473,83,2,2 pieces,923.17,362,84,71,0
831,Laptop 6397,153,5,1 piece,1314.06,486,57,51,1
832,Laptop 5635,55,3,500 g,1597.3,380,9,80,1
833,Printer 5180,24,7,6 pack,483.96,394,51,21,0
834,Printer 7592,42,4,24 pack,1296.1,488,83,29,0
835,Printer 6080,126,5,1 L,266.92,340,12,57,1
836,Tablet 7358,126,4,250 ml,540.62,307,54,21,0
837,Mouse 8112,158,6,1 kg,190.43,262,43,69,0
838,Keyboard 5762,127,3,250 ml,877.52,464,61,48,0
839,Headphones 5073,176,3,500 ml,858.32,291,6,80,0
840,Keyboard 9366,132,1,1 kg,828.97,237,84,82,0
841,Keyboard 9248,66,6,1 piece,232.3,338,59,32,0
842,Keyboard 7819,12,7,24 pack,631.32,370,58,95,0
843,Mouse 4458,88,5,6 pack,161.05,309,33,96,0
844,Laptop 1095,137,7,1 kg,237.77,87,83,71,0
845,Tablet 5961,169,7,1 L,1627.2,315,46,98,0
846,Mouse 3213,23,5,1 piece,385.65,417,2,99,0
847,Tablet 3378,54,1,12 pack,874.4,320,68,34,0
848,Tablet 3427,198,5,250 ml,846.65,59,21,29,0
849,Laptop 8364,121,8,1 L,489.05,150,72,60,0
850,Keyboard 8074,3,6,1 kg,1697.99,377,74,86,1
851,Tablet 7548,10,5,250 ml,1029.14,371,78,96,0
852,Laptop 9655,183,4,1 piece,846.9,161,70,18,0
853,Keyboard 9106,122,7,1 L,1878.23,177,57,99,0
854,Headphones 4149,42,1,250 ml,690.98,118,64,38,1
855,Tablet 3148,155,6,24 pack,1447.38,199,53,96,0
856,Monitor 5627,42,8,2 pieces,1335.78,66,22,35,0
857,Printer 9089,26,8,24 pack,473.26,285,6,12,0
858,Mouse 3862,92,5,500 ml,68.78,32,43,65,0
859,Monitor 8968,31,4,24 pack,1987.36,401,45,15,1
860,Keyboard 1826,39,5,250 ml,1598.98,492,96,24,0
861,Laptop 9311,144,2,2 pieces,338.26,60,26,56,0
862,Tablet 9288,182,5,250 ml,1466.44,50,19,92,0
863,Keyboard 4307,36,6,250 ml,1939.43,393,98,10,0
864,Headphones 9274,88,8,6 pack,175.04,190,91,63,0
865,Printer 4738,39,4,6 pack,1604.53,211,52,68,1
866,Tablet 3385,8,6,1 piece,1436.66,264,8,20,0
867,Mouse 8111,103,6,1 piece,789.57,18,84,92,0
868,Headphones 7869,162,1,1 kg,1772.14,358,70,48,0
869,Headphones 9647,3,6,1 L,1841.3,358,51,67,0
870,Camera 7627,179,8,12 pack,1762.54,43,4,78,0
871,Mouse 9527,186,7,500 ml,571.44,47,65,80,0
872,Mouse 1383,194,6,1 piece,1781.19,276,75,43,0
873,Printer 9278,186,5,2 pieces,1465.31,430,47,43,1
874,Laptop 3043,32,6,250 ml,599.43,377,0,68,0
875,Monitor 6739,191,4,24 pack,572.65,401,91,83,0
876,Monitor 2724,134,7,500 g,1035.32,98,99,56,0
877,Printer 7751,38,2,2 pieces,189.04,217,16,70,0
878,Camera 9622,20,8,1 kg,1178.54,265,99,60,0
879,Printer 8210,163,8,250 ml,1464.78,213,20,28,1
880,Tablet 3119,125,3,500 ml,1727.23,60,88,37,0
881,Mouse 7051,9,8,2 pieces,1205.19,209,14,25,0
882,Mouse 2929,11,5,500 g,613.32,191,38,47,0
883,Mouse 7910,37,1,1 piece,1873.96,156,36,37,0
884,Keyboard 9970,1,8,500 g,139.79,22,53,71,1
885,Tablet 6534,145,5,1 kg,953.08,368,77,26,0
886,Tablet 8357,195,8,6 pack,1733.36,166,11,89,1
887,Monitor 7478,100,7,500 g,1084.28,490,85,66,0
888,Laptop 6060,43,2,500 ml,1292.09,329,71,20,0
889,Monitor 8796,146,1,500 ml,1794.24,61,84,78,0
890,Monitor 5018,71,1,1 L,891.24,413,68,87,0
891,Laptop 9052,151,7,1 piece,683.21,92,53,13,1
892,Headphones 2491,98,6,2 pieces,1959.67,277,21,46,0
893,Keyboard 3526,66,3,24 pack,1904.57,347,21,17,1
894,Laptop 1958,47,6,24 pack,782.93,163,18,62,0
895,Keyboard 1849,97,5,12 pack,483.05,305,75,40,0
896,Headphones 1993,30,7,500 g,932.32,208,8,71,0
897,Monitor 1305,163,7,24 pack,1110.38,300,86,22,0
898,Printer 8306,78,3,2 pieces,1693.32,256,26,28,0
899,Printer 8401,63,3,1 piece,7.0,237,79,47,0
900,Tablet 5477,16,1,1 L,505.52,348,48,54,0
901,Mouse 9750,12,5,1 L,144.52,45,50,99,0
902,Headphones 8077,186,3,12 pack,1222.84,490,40,97,0
903,Tablet 5473,193,5,12 pack,1326.24,164,43,36,0
904,Mouse 1033,5,6,1 L,955.68,461,1,96,0
905,Tablet 7435,143,7,500 ml,166.89,448,83,93,0
906,Tablet 3022,172,1,500 g,1944.22,192,76,55,0
907,Laptop 3044,197,3,250 ml,744.11,98,56,11,0
908,Headphones 6862,195,1,12 pack,184.48,314,80,48,0
909,Camera 1602,127,4,24 pack,988.21,360,90,87,0
910,Printer 2817,51,1,24 pack,1140.36,252,21,80,0
911,Mouse 2065,17,3,6 pack,522.95,291,29,76,0
912,Laptop 9731,174,4,1 L,509.58,286,58,10,0
913,Printer 7666,83,1,24 pack,247.83,265,59,73,0
914,Monitor 1769,185,1,24 pack,1837.19,272,57,50,0
915,Camera 2340,50,7,1 L,1616.31,377,28,98,0
916,Monitor 3694,64,2,500 g,625.06,320,80,22,0
917,Laptop 6477,111,8,24 pack,498.07,242,30,53,0
918,Monitor 2194,134,6,1 L,1241.04,391,12,90,0
919,Laptop 1546,22,2,1 kg,629.99,434,88,18,0
920,Laptop 5939,114,1,1 L,1254.24,33,13,96,0
921,Printer 7581,76,1,2 pieces,1236.52,210,29,86,1
922,Printer 8605,117,1,1 kg,1760.48,317,12,53,0
923,Camera 4153,133,8,2 pieces,209.87,304,91,18,1
924,Mouse 9337,147,4,24 pack,714.01,246,92,89,0
925,Mouse 1722,63,3,1 piece,259.72,299,55,75,0
926,Mouse 3415,150,5,250 ml,620.81,175,37,57,0
927,Monitor 9308,15,3,500 ml,1718.11,216,44,35,0
928,Camera 4102,18,4,250 ml,1391.09,239,76,98,0
929,Headphones 7859,158,6,500 g,328.75,232,5,73,0
930,Monitor 4772,164,1,250 ml,1249.72,122,61,52,0
931,Mouse 1110,103,4,500 g,24.73,183,3,81,0
932,Tablet 4185,75,3,1 L,1825.85,184,5,13,0
933,Mouse 4587,73,4,24 pack,1439.08,173,70,41,0
934,Mouse 5289,6,4,2 pieces,46.88,346,17,58,0
935,Headphones 8474,54,6,12 pack,742.43,190,84,31,1
936,Keyboard 2941,183,7,6 pack,1766.03,66,24,34,1
937,Camera 6209,178,7,1 L,861.93,325,31,15,1
938,Headphones 3434,138,4,500 g,498.11,322,35,26,1
939,Keyboard 8711,54,8,1 L,134.42,260,49,92,1
940,Tablet 3932,128,6,500 g,1426.41,269,88,71,0
941,Printer 1599,69,8,12 pack,442.95,103,57,40,0
942,Printer 7178,79,4,1 L,318.63,431,47,42,1
943,Keyboard 5834,35,2,250 ml,1040.05,117,74,15,0
944,Tablet 8660,110,6,1 kg,820.86,411,63,50,0
945,Mouse 8236,7,7,12 pack,534.92,38,45,20,0
946,Monitor 2612,71,2,2 pieces,147.34,19,69,35,0
947,Camera 5096,173,4,24 pack,1491.7,393,87,45,0
948,Headphones 1139,193,3,24 pack,567.28,177,100,61,0
949,Mouse 7512,121,1,12 pack,457.72,383,26,70,0
950,Tablet 6581,185,8,2 pieces,629.58,96,54,99,0
951,Tablet 1493,113,4,500 g,282.21,447,16,49,0
952,Camera 6567,169,8,12 pack,841.2,351,96,61,1
953,Laptop 1527,84,5,6 pack,311.61,487,42,82,1
954,Monitor 7400,98,7,2 pieces,1071.31,96,60,23,0
955,Headphones 2527,164,8,6 pack,213.1,283,22,14,1
956,Mouse 4260,7,8,2 pieces,1823.13,197,36,36,0
957,Keyboard 8449,169,5,1 piece,740.46,5,21,51,0
958,Keyboard 3115,41,7,500 ml,839.73,380,8,59,0
959,Headphones 8081,53,3,250 ml,321.77,294,39,85,0
960,Monitor 1121,71,8,6 pack,894.23,422,51,87,0
961,Tablet 8539,146,6,250 ml,1154.38,377,11,46,0
962,Headphones 7407,180,6,1 L,1647.74,435,22,63,0
963,Printer 8501,159,3,1 kg,1822.11,93,89,82,0
964,Laptop 4927,179,7,6 pack,551.18,321,68,47,0
965,Printer 2986,127,4,500 g,157.68,53,64,51,0
966,Headphones 4397,43,8,500 ml,94.05,13,9,91,0
967,Printer 4185,88,7,1 kg,80.36,128,14,100,0
968,Tablet 8942,172,6,250 ml,141.13,280,84,41,0
969,Headphones 3643,121,3,6 pack,1677.8,310,12,32,0
970,Printer 3759,137,2,2 pieces,1344.43,5,86,44,0
971,Mouse 4549,92,8,1 piece,1785.91,272,27,66,0
972,Headphones 8274,100,2,1 piece,1198.42,24,98,58,0
973,Monitor 4276,96,4,2 pieces,37.0,14,1,53,0
974,Keyboard 3750,57,2,6 pack,92.8,262,13,51,0
975,Monitor 9875,160,4,1 kg,1878.15,61,29,37,0
976,Mouse 1245,83,6,1 kg,1309.72,6,49,37,0
977,Headphones 7045,17,4,1 piece,139.33,111,52,48,1
978,Mouse 5127,27,8,2 pieces,1201.73,323,89,59,0
979,Camera 8899,45,6,2 pieces,673.53,311,74,67,0
980,Laptop 4811,129,4,1 piece,1234.62,459,15,49,0
981,Monitor 2300,194,7,1 piece,279.42,255,37,35,0
982,Laptop 4900,53,7,1 L,1977.16,227,94,52,0
983,Laptop 9533,82,5,1 kg,1297.85,147,96,13,0
984,Monitor 4372,88,6,500 ml,112.88,469,85,41,0
985,Camera 4007,134,7,250 ml,1261.42,33,62,18,0
986,Mouse 4345,163,1,6 pack,188.06,303,70,36,0
987,Tablet 6103,110,2,6 pack,1444.74,125,54,32,1
988,Headphones 8344,78,4,12 pack,547.36,400,61,20,0
989,Mouse 8712,97,7,250 ml,848.28,312,94,65,0
990,Printer 8002,6,8,2 pieces,1518.92,471,38,86,1
991,Mouse 5215,142,3,1 kg,929.98,232,36,58,1
992,Camera 3238,19,8,250 ml,395.45,469,24,10,0
993,Printer 7812,126,6,1 kg,1941.13,191,49,72,0
994,Laptop 3039,105,2,1 kg,1864.6,83,24,65,0
995,Tablet 7032,131,6,1 piece,1303.56,474,54,41,0
996,Camera 1462,9,8,6 pack,526.35,233,87,28,0
997,Mouse 1202,155,4,2 pieces,1543.09,329,91,59,0
998,Monitor 7929,133,2,6 pack,1660.35,129,88,48,1
999,Headphones 7743,151,7,2 pieces,223.0,293,99,54,0
1000,Monitor 7520,192,5,24 pack,17.81,86,62,10,0
